dataset,id,name,address
shelters,SHELTER_001,三民國小,彰化縣彰化市田中路125號
shelters,SHELTER_002,大快官藝文館,彰化縣彰化市彰南路5段8號
shelters,SHELTER_003,彰化生活藝文館,彰化縣彰化市民生路259號
shelters,SHELTER_004,介壽社區活動中心,彰化縣彰化市介壽新村21號
shelters,SHELTER_005,牛埔社區活動中心,彰化縣彰化市彰南路三段226號
shelters,SHELTER_006,石牌國小,彰化縣彰化市田坑路一段9號
shelters,SHELTER_007,老人文康活動中心,彰化縣彰化市三民路436號
shelters,SHELTER_008,快官社區活動中心,彰化縣彰化市彰南路四段566號之1
shelters,SHELTER_009,延和社區活動中心,彰化縣彰化市埔西街111號
shelters,SHELTER_010,忠孝國小,彰化縣彰化市忠誠路61號
shelters,SHELTER_011,東芳國小,彰化縣彰化市彰馬路45號
shelters,SHELTER_012,信義國中小,彰化縣彰化市向陽街168號
shelters,SHELTER_013,南北管戲曲音樂館,彰化縣彰化市平和七街66號
shelters,SHELTER_014,南興社區活動中心,彰化縣彰化市中山路一段189巷49號
shelters,SHELTER_015,茄苳社區活動中心,彰化縣彰化市茄苳路二段292號
shelters,SHELTER_016,桃源社區活動中心,彰化縣彰化市公園路二段102之1號
shelters,SHELTER_017,泰和國小,彰化縣彰化市泰和路二段145巷1號
shelters,SHELTER_018,國聖國小,彰化縣彰化市中山路三段608號
shelters,SHELTER_019,彰德國中,彰化縣彰化市彰南路二段512巷97號
shelters,SHELTER_020,彰興國中,彰化縣彰化市埔西街107號
shelters,SHELTER_021,福山社區活動中心,彰化縣彰化市福山街168號
shelters,SHELTER_022,陽明國中,彰化縣彰化市長順街76號
shelters,SHELTER_023,彰安國中,彰化縣彰化市中正路二段530號
shelters,SHELTER_024,正德高中,彰化縣彰化市彰水路145號
shelters,SHELTER_025,快官國小,彰化縣彰化市彰南路4段566號
shelters,SHELTER_026,建國科技大學,彰化縣彰化市介壽北路1號
shelters,SHELTER_027,大成國小,彰化縣彰化市自強路303號
shelters,SHELTER_028,大竹國小,彰化縣彰化市彰南路二段164巷41號
shelters,SHELTER_029,民生國小,彰化縣彰化市民生路338號
shelters,SHELTER_030,平和國小,彰化縣彰化市中正路二段450號
shelters,SHELTER_031,彰化女子高中,彰化縣彰化市光復路62號
shelters,SHELTER_032,聯興國小,彰化縣彰化市一心南街208號
shelters,SHELTER_033,彰泰國中,彰化縣彰化市自強路357號
shelters,SHELTER_034,彰化藝術高中,彰化縣彰化市卦山路13號
shelters,SHELTER_035,南興國小,彰化縣彰化市中山路一段213號
shelters,SHELTER_036,中山國小,彰化縣彰化市中山路二段678號
shelters,SHELTER_037,師大附工,彰化縣彰化市工校街1號
shelters,SHELTER_038,延和公園棒壘球場,彰化縣彰化市埔西街212-246號
shelters,SHELTER_039,育英國小活動中心,彰化縣員林市光明街31號
shelters,SHELTER_040,員林農工禮堂,彰化縣員林市員水路二段313號
shelters,SHELTER_041,員林國中勤學樓地下室,彰化縣員林市南潭路2號
shelters,SHELTER_042,員東國小禮堂,彰化縣員林市員東路二段12號
shelters,SHELTER_043,僑信國小活動中心,彰化縣員林市中山路二段280號
shelters,SHELTER_044,靜修國小群英館,彰化縣員林市靜修路74號
shelters,SHELTER_045,員林國小活動中心,彰化縣員林市三民東街221號
shelters,SHELTER_046,大同國中活動中心,彰化縣員林市大同路一段345號
shelters,SHELTER_047,員林高中活動中心,彰化縣員林市靜修路79號
shelters,SHELTER_048,崇實高工合作館,彰化縣員林市育英路103號
shelters,SHELTER_049,東山國小行政大樓地下室,彰化縣員林市山腳路四段212號
shelters,SHELTER_050,員林市公所三樓禮堂,彰化縣員林市三民街18號
shelters,SHELTER_051,員林市西區體館,彰化縣員林市雙景街50號
shelters,SHELTER_052,三義社區活動中心,彰化縣員林市員鹿路245巷112號
shelters,SHELTER_053,中東社區活動中心,彰化縣員林市山腳路五段184巷86號
shelters,SHELTER_054,源潭社區活動中心,彰化縣員林市三潭巷27號
shelters,SHELTER_055,出水社區活動中心,彰化縣員林市出水巷18號之1
shelters,SHELTER_056,東北社區活動中心,彰化縣員林市山腳路六段47巷2'2號
shelters,SHELTER_057,鎮興社區活動中心,彰化縣員林市山腳路三段2巷150號
shelters,SHELTER_058,中央社區活動中心,彰化縣員林市中央路115巷170號
shelters,SHELTER_059,大明社區活動中心,彰化縣員林市大明里員集路二段177巷65號
shelters,SHELTER_060,豐崙國小,彰化縣埤頭鄉校前路50號
shelters,SHELTER_061,埤頭國小,彰化縣埤頭鄉中南路145號
shelters,SHELTER_062,四武宮辦公室,彰化縣埤頭鄉埔尾路51號
shelters,SHELTER_063,永豐社區活動中心,彰化縣埤頭鄉東西路621號
shelters,SHELTER_064,合興國小,彰化縣埤頭鄉文鄉路161號
shelters,SHELTER_065,圖書館一樓,彰化縣埤頭鄉文鄉路135號
shelters,SHELTER_066,老人文康中心,彰化縣埤頭鄉安康街72號
shelters,SHELTER_067,鄉立幼兒園,彰化縣埤頭鄉彰水路三段352巷45號
shelters,SHELTER_068,芙朝社區活動中心,彰化縣埤頭鄉文化路829號
shelters,SHELTER_069,元埔社區活動中心,彰化縣埤頭鄉文化路495巷11號
shelters,SHELTER_070,埤頭國中,彰化縣埤頭鄉中學路67號
shelters,SHELTER_071,大湖社區活動中心,彰化縣埤頭鄉大湖路260號
shelters,SHELTER_072,中和國小,彰化縣埤頭鄉溪林路284號
shelters,SHELTER_073,竹圍社區活動中心,彰化縣埤頭鄉竹圍路187號
shelters,SHELTER_074,新庄社區活動中心,彰化縣埤頭鄉光華路124號
shelters,SHELTER_075,陸嘉社區活動中心,彰化縣埤頭鄉中華路434號
shelters,SHELTER_076,二水鄉公所,彰化縣二水鄉南通路二段764號
shelters,SHELTER_077,源泉國小活動中心,彰化縣二水鄉員集路二段316號
shelters,SHELTER_078,修仁村活動中心,彰化縣二水鄉修仁路27-3號
shelters,SHELTER_079,倡和村活動中心,彰化縣二水鄉倡和路41-1號
shelters,SHELTER_080,光化村活動中心,彰化縣二水鄉光進一巷20-1號
shelters,SHELTER_081,十五村活動中心,彰化縣二水鄉十五路33-1號
shelters,SHELTER_082,合興村活動中心,彰化縣二水鄉鼻倡路20號
shelters,SHELTER_083,大園村活動中心,彰化縣二水鄉大園巷11-9號
shelters,SHELTER_084,惠民村活動中心,彰化縣二水鄉山腳路一段48-1號
shelters,SHELTER_085,文化村活動中心,彰化縣二水鄉文化一巷1號
shelters,SHELTER_086,二水村活動中心,彰化縣二水鄉正德巷5號
shelters,SHELTER_087,過圳村活動中心,彰化縣二水鄉三義巷30-7號
shelters,SHELTER_088,海豐村活動中心,彰化縣二水鄉山腳路一段113-5號
shelters,SHELTER_089,合和村活動中心,彰化縣二水鄉番田一巷46號
shelters,SHELTER_090,聖化社區活動中心,彰化縣二水鄉溪邊巷78號
shelters,SHELTER_091,受玄宮,彰化縣二水鄉裕民巷53號
shelters,SHELTER_092,復興村活動中心,彰化縣二水鄉員集路5段472號
shelters,SHELTER_093,五伯村活動中心,彰化縣二水鄉過圳路222號
shelters,SHELTER_094,二水國小,彰化縣二水鄉光文路119號
shelters,SHELTER_095,大城國中,彰化縣大城鄉南平路224號
shelters,SHELTER_096,大城國小,彰化縣大城鄉中平路176號
shelters,SHELTER_097,大城演藝廳,彰化縣大城鄉中平路132號
shelters,SHELTER_098,頂庄國小,彰化縣大城鄉許厝巷10號
shelters,SHELTER_099,菜寮社區活動中心,彰化縣大城鄉東平路6號
shelters,SHELTER_100,西港國小,彰化縣大城鄉中央路2號
shelters,SHELTER_101,豐美社區活動中心,彰化縣大城鄉平和路5號
shelters,SHELTER_102,上山社區活動中心,彰化縣大城鄉大山路2-1號
shelters,SHELTER_103,北斗鎮公所,彰化縣北斗鎮公所街2號
shelters,SHELTER_104,北斗家商,彰化縣北斗鎮學府路50號
shelters,SHELTER_105,螺青國小,彰化縣北斗鎮斗中路712號
shelters,SHELTER_106,萬來國小,彰化縣北斗鎮文賢街35號
shelters,SHELTER_107,大新國小,彰化縣北斗鎮大新路556號
shelters,SHELTER_108,中寮社區活動中心,彰化縣北斗鎮中央路30巷31號
shelters,SHELTER_109,中和社區活動中心,彰化縣北斗鎮中圳路305號
shelters,SHELTER_110,北斗國小,彰化縣北斗鎮文苑路一段32號
shelters,SHELTER_111,螺陽國小,彰化縣北斗鎮文苑路二段150號
shelters,SHELTER_112,北斗國中,彰化縣北斗鎮文苑路136號
shelters,SHELTER_113,和美鎮公所,彰化縣和美鎮鹿和路6段337號
shelters,SHELTER_114,和東國小,彰化縣和美鎮彰美路5段210號
shelters,SHELTER_115,和美高中,彰化縣和美鎮西園路31號
shelters,SHELTER_116,和美國小,彰化縣和美鎮和平街19號
shelters,SHELTER_117,大嘉國小,彰化縣和美鎮彰和路3段50號
shelters,SHELTER_118,大榮國小,彰化縣和美鎮嘉佃路296號
shelters,SHELTER_119,培英國小,彰化縣和美鎮彰新路5段310號
shelters,SHELTER_120,和群國中,彰化縣和美鎮美寮路一段390號
shelters,SHELTER_121,和仁國小,彰化縣和美鎮仁愛路279號
shelters,SHELTER_122,新庄國小,彰化縣和美鎮彰新路2段500號
shelters,SHELTER_123,大霞社區活動中心,彰化縣和美鎮彰和路三段422號
shelters,SHELTER_124,中圍社區活動中心,彰化縣和美鎮竹社路１２5號
shelters,SHELTER_125,新庄社區活動中心,彰化縣和美鎮東發路100巷36-1號
shelters,SHELTER_126,湖內社區活動中心,彰化縣和美鎮湖竹路5號
shelters,SHELTER_127,源埤社區活動中心,彰化縣和美鎮南安路105號
shelters,SHELTER_128,塗厝社區活動中心,彰化縣和美鎮和厝路２段４８５號
shelters,SHELTER_129,好修社區活動中心,彰化縣和美鎮月北路400巷21號
shelters,SHELTER_130,月眉社區活動中心,彰化縣和美鎮和厝路一段２７６號
shelters,SHELTER_131,面前社區活動中心,彰化縣和美鎮雅安路２6５號
shelters,SHELTER_132,雅溝社區活動中心,彰化縣和美鎮南軒路３５９巷7號
shelters,SHELTER_133,四張社區活動中心,彰化縣和美鎮鎮西路７４號
shelters,SHELTER_134,鎮平社區活動中心,彰化縣和美鎮南平路11號
shelters,SHELTER_135,嘉犁社區活動中心,彰化縣和美鎮東坡路臨22號
shelters,SHELTER_136,詔安社區活動中心,彰化縣和美鎮彰和路二段172號
shelters,SHELTER_137,竹園社區活動中心,彰化縣和美鎮彰新路４段115號
shelters,SHELTER_138,犁盛社區活動中心,彰化縣和美鎮東平路２２1巷11號
shelters,SHELTER_139,地潭社區活動中心,彰化縣和美鎮晉北路臨456號
shelters,SHELTER_140,中寮社區活動中心,彰化縣和美鎮東興路25號
shelters,SHELTER_141,南佃社區活動中心,彰化縣和美鎮嘉佃路145號
shelters,SHELTER_142,嘉寶社區活動中心,彰化縣和美鎮福北路219號1樓
shelters,SHELTER_143,龍華慈惠堂,彰化縣和美鎮西美路115號
shelters,SHELTER_144,芬園國小,彰化縣芬園鄉彰南路4段27巷28號
shelters,SHELTER_145,茄荖國小,彰化縣芬園鄉嘉北街96號
shelters,SHELTER_146,富山國小,彰化縣芬園鄉大埔路6號
shelters,SHELTER_147,芬園鄉公所,彰化縣芬園鄉芬草路二段300號
shelters,SHELTER_148,同安國小,彰化縣芬園鄉大彰路二段400巷36號
shelters,SHELTER_149,寶山國小,彰化縣芬園鄉彰南路二段36號
shelters,SHELTER_150,溪州國中,彰化縣溪州鄉中央路三段300號
shelters,SHELTER_151,溪州國小,彰化縣溪州鄉中山路3段415號
shelters,SHELTER_152,南州國小,彰化縣溪州鄉公園路95號
shelters,SHELTER_153,僑義國小,彰化縣溪州鄉中山路2段362號
shelters,SHELTER_154,水尾國小,彰化縣溪州鄉太平路137號
shelters,SHELTER_155,三條國小,彰化縣溪州鄉中央路2段31號
shelters,SHELTER_156,圳寮國小,彰化縣溪州鄉下樹巷29號
shelters,SHELTER_157,成功國小,彰化縣溪州鄉登山路2段365號
shelters,SHELTER_158,成功國小西畔分校,彰化縣溪州鄉廣一巷24號
shelters,SHELTER_159,大莊國小,彰化縣溪州鄉村中橫巷1號
shelters,SHELTER_160,潮洋國小,彰化縣溪州鄉陸軍路1段146號
shelters,SHELTER_161,二林鎮鎮立幼兒園,彰化縣二林鎮斗苑路四段586號
shelters,SHELTER_162,二林工商,彰化縣二林鎮斗苑路4段500號
shelters,SHELTER_163,二林國小,彰化縣二林鎮斗苑路五段22號
shelters,SHELTER_164,二林文化教育園區,彰化縣二林鎮西和一街65號
shelters,SHELTER_165,原斗國民中小學,彰化縣二林鎮斗苑路一段865號
shelters,SHELTER_166,中興國小,彰化縣二林鎮光復路73號
shelters,SHELTER_167,東勢社區活動中心,彰化縣二林鎮面前巷2-20號
shelters,SHELTER_168,南光社區活動中心,彰化縣二林鎮懷仁街8號
shelters,SHELTER_169,永靖鄉立幼兒園,彰化縣永靖鄉永社路267號
shelters,SHELTER_170,老人文康活動中心,彰化縣永靖鄉永社路266號
shelters,SHELTER_171,永南社區活動中心,彰化縣永靖鄉永西路155號
shelters,SHELTER_172,永靖高工,彰化縣永靖鄉永坡路101號
shelters,SHELTER_173,港西社區活動中心,彰化縣永靖鄉福德巷36-1號
shelters,SHELTER_174,五福社區活動中心,彰化縣永靖鄉五福巷99-1號
shelters,SHELTER_175,新莊社區活動中心,彰化縣永靖鄉永社路75-1號
shelters,SHELTER_176,永靖國中,彰化縣永靖鄉錫壽路123號
shelters,SHELTER_177,五汴社區活動中心,彰化縣永靖鄉五汴巷1號
shelters,SHELTER_178,光雲社區活動中心,彰化縣永靖鄉意善巷78-1號
shelters,SHELTER_179,崙子社區活動中心,彰化縣永靖鄉九分路192-1號
shelters,SHELTER_180,敦厚獨鰲聯合集會所,彰化縣永靖鄉獨鰲路二段9號
shelters,SHELTER_181,崙美社區活動中心,彰化縣永靖鄉獨鰲路270巷8-1號
shelters,SHELTER_182,同安社區活動中心,彰化縣永靖鄉西畔巷11-1號
shelters,SHELTER_183,同仁社區活動中心,彰化縣永靖鄉東畔路7-1號
shelters,SHELTER_184,湳墘社區活動中心,彰化縣永靖鄉忠心路13-1號
shelters,SHELTER_185,四芳集會所,彰化縣永靖鄉四湳路55-1號
shelters,SHELTER_186,竹子社區活動中心,彰化縣永靖鄉竹中巷41號
shelters,SHELTER_187,福興社區活動中心,彰化縣永靖鄉中肚巷52號
shelters,SHELTER_188,田尾國小,彰化縣田尾鄉中山路一段449號
shelters,SHELTER_189,南鎮國小,彰化縣田尾鄉光復路一段295號
shelters,SHELTER_190,仁豐國小,彰化縣田尾鄉中正路二段101號
shelters,SHELTER_191,陸豐國小,彰化縣田尾鄉民生路3段200號
shelters,SHELTER_192,仁里社區活動中心,彰化縣田尾鄉中正路二段103巷9號
shelters,SHELTER_193,北曾社區活動中心,彰化縣田尾鄉福德巷359號
shelters,SHELTER_194,北鎮社區活動中心,彰化縣田尾鄉平和路二段151號
shelters,SHELTER_195,南曾社區活動中心,彰化縣田尾鄉福德巷185號
shelters,SHELTER_196,南鎮社區活動中心,彰化縣田尾鄉平和路一段140號
shelters,SHELTER_197,天乙宮,彰化縣田尾鄉建平路一段66號
shelters,SHELTER_198,打簾社區活動中心,彰化縣田尾鄉民生路一段245號
shelters,SHELTER_199,新厝社區活動中心,彰化縣田尾鄉光明巷54號
shelters,SHELTER_200,新生社區活動中心,彰化縣田尾鄉延平路150號
shelters,SHELTER_201,新興社區活動中心,彰化縣田尾鄉新興路280號
shelters,SHELTER_202,正義社區活動中心,彰化縣田尾鄉中正路一段232號
shelters,SHELTER_203,海豐村集會所活動中心,彰化縣田尾鄉中正路三段396巷36號
shelters,SHELTER_204,溪畔社區活動中心,彰化縣田尾鄉溪畔巷157號
shelters,SHELTER_205,溪頂社區活動中心,彰化縣田尾鄉三溪路一段209號
shelters,SHELTER_206,田尾社區活動中心,彰化縣田尾鄉光復路三段538巷1號
shelters,SHELTER_207,睦宜社區活動中心,彰化縣田尾鄉聖德巷162號
shelters,SHELTER_208,福田社區活動中心,彰化縣田尾鄉光復路一段98巷181號
shelters,SHELTER_209,豐田村集會所活動中心,彰化縣田尾鄉光復路四段161號
shelters,SHELTER_210,陸豐社區活動中心,彰化縣田尾鄉陸豐路48號
shelters,SHELTER_211,柳鳳村集會所活動中心,彰化縣田尾鄉民生路二段338號
shelters,SHELTER_212,田尾國中,彰化縣田尾鄉中學路二段18號
shelters,SHELTER_213,土庫國小,彰化縣竹塘鄉東陽路362號
shelters,SHELTER_214,五庄社區活動中心,彰化縣竹塘鄉竹五路222號
shelters,SHELTER_215,田頭國小,彰化縣竹塘鄉光明路60號
shelters,SHELTER_216,竹林社區活動中心,彰化縣竹塘鄉竹鹿路保安巷45號
shelters,SHELTER_217,竹塘國小,彰化縣竹塘鄉文化街20號
shelters,SHELTER_218,老人文康中心,彰化縣竹塘鄉金山路40號
shelters,SHELTER_219,長安國小,彰化縣竹塘鄉東陽路2段123號
shelters,SHELTER_220,新廣社區活動中心,彰化縣竹塘鄉光明路廣福巷57號
shelters,SHELTER_221,樹腳社區活動中心,彰化縣竹塘鄉樹腳村福田路6號
shelters,SHELTER_222,伸港鄉老人文康活動中心,彰化縣伸港鄉忠孝東街50號
shelters,SHELTER_223,新港國民國小,彰化縣伸港鄉和平路60號
shelters,SHELTER_224,大同國民國小,彰化縣伸港鄉彰新路7段724號
shelters,SHELTER_225,伸東國民小學,彰化縣伸港鄉中華路565號
shelters,SHELTER_226,伸仁國民小學,彰化縣伸港鄉曾家路3之15號
shelters,SHELTER_227,曾家社區活動中心,彰化縣伸港鄉曾家路65-1號
shelters,SHELTER_228,蚵寮社區活動中心,彰化縣伸港鄉蚵寮路132-5號
shelters,SHELTER_229,溪底社區活動中心,彰化縣伸港鄉溪底路103-2號
shelters,SHELTER_230,泉州社區活動中心,彰化縣伸港鄉仁愛路123號
shelters,SHELTER_231,泉厝社區活動中心,彰化縣伸港鄉泉厝路44-3號
shelters,SHELTER_232,海尾社區活動中心,彰化縣伸港鄉海尾路3-2號
shelters,SHELTER_233,全興社區活動中心,彰化縣伸港鄉東全路11號
shelters,SHELTER_234,定興社區活動中心,彰化縣伸港鄉定興路63-2號
shelters,SHELTER_235,新港社區活動中心,彰化縣伸港鄉自強路臨30號
shelters,SHELTER_236,什股社區活動中心,彰化縣伸港鄉什股路100-1號
shelters,SHELTER_237,大同社區活動中心,彰化縣伸港鄉大同路82號
shelters,SHELTER_238,汴頭社區活動中心,彰化縣伸港鄉汴頭路187-3號
shelters,SHELTER_239,文德宮,彰化縣伸港鄉嘉二路47號
shelters,SHELTER_240,伸港國中第二校區,彰化縣伸港鄉建興路168號
shelters,SHELTER_241,福安宮香客大樓,彰化縣伸港鄉福安路5號
shelters,SHELTER_242,秀水高工,彰化縣秀水鄉中山路364號
shelters,SHELTER_243,秀水國小,彰化縣秀水鄉民生街262號
shelters,SHELTER_244,育民國小,彰化縣秀水鄉民生街262號
shelters,SHELTER_245,馬興國小,彰化縣秀水鄉培英巷1號
shelters,SHELTER_246,秀水鄉立體育館,彰化縣秀水鄉瓦磘街17號
shelters,SHELTER_247,陜西國小,彰化縣秀水鄉番花路261號
shelters,SHELTER_248,秀水鄉農會,彰化縣秀水鄉中山路328號
shelters,SHELTER_249,華龍國小,彰化縣秀水鄉花秀路51號
shelters,SHELTER_250,明正國小,彰化縣秀水鄉彰水路二段341號
shelters,SHELTER_251,秀水鄉老人文康中心,彰化縣秀水鄉中山路99號
shelters,SHELTER_252,埔崙社區活動中心,彰化縣秀水鄉蘇周巷162號
shelters,SHELTER_253,下崙社區活動中心,彰化縣秀水鄉民生街206號天慈宮
shelters,SHELTER_254,安東社區活動中心,彰化縣秀水鄉枋林巷60號
shelters,SHELTER_255,安溪社區活動中心,彰化縣秀水鄉安溪街98號
shelters,SHELTER_256,曾厝社區活動中心,彰化縣秀水鄉大厝巷66號
shelters,SHELTER_257,玉陵宮廣場,彰化縣秀水鄉番花路450巷46號
shelters,SHELTER_258,福安社區活動中心清龍巖,彰化縣秀水鄉民意街64號
shelters,SHELTER_259,秀水社區活動中心,彰化縣秀水鄉花秀路46號對面
shelters,SHELTER_260,莊雅社區活動中心,彰化縣秀水鄉秀中街82巷67弄臨3號
shelters,SHELTER_261,陝西社區活動中心,彰化縣秀水鄉埔南巷92號
shelters,SHELTER_262,馬興社區活動中心,彰化縣秀水鄉西銘巷6-1號
shelters,SHELTER_263,鶴鳴社區活動中心,彰化縣秀水鄉明山街臨182號
shelters,SHELTER_264,金陵村村里集會所活動中心,彰化縣秀水鄉竹圍巷3號
shelters,SHELTER_265,義興村聖靈宮,彰化縣秀水鄉義雅巷臨5號
shelters,SHELTER_266,馬興村村里集會所活動中心,彰化縣秀水鄉雅興街260巷8-1號
shelters,SHELTER_267,社頭鄉運動公園,彰化縣社頭鄉中山路一段172號
shelters,SHELTER_268,社頭鄉老人文康活動中心,彰化縣社頭鄉南勢巷9-16號
shelters,SHELTER_269,社頭鄉公所4樓大禮堂,彰化縣社頭鄉社斗路一段295號
shelters,SHELTER_270,張厝村集會所,彰化縣社頭鄉張厝村大圳巷9-6號
shelters,SHELTER_271,朝興國小,彰化縣社頭鄉社石路91號
shelters,SHELTER_272,橋頭國小,彰化縣社頭鄉員集路三段528號
shelters,SHELTER_273,湳雅國小,彰化縣社頭鄉山腳路三段395號
shelters,SHELTER_274,社頭國中,彰化縣社頭鄉中興路1號
shelters,SHELTER_275,社頭國小,彰化縣社頭鄉社斗路一段258號
shelters,SHELTER_276,清聖宮,彰化縣社頭鄉清興路50巷71號
shelters,SHELTER_277,彰化特教,彰化縣社頭鄉中山路一段306號
shelters,SHELTER_278,彰化縣私立芳苑鄉立示範幼兒園(彰化縣芳苑鄉公所委託彰化縣私立芝麻街幼兒園辦理),彰化縣芳苑鄉工區一路45巷83弄17號
shelters,SHELTER_279,路上國小,彰化縣芳苑鄉新上路12號
shelters,SHELTER_280,王功國小,彰化縣芳苑鄉功湖路王功段481號
shelters,SHELTER_281,漢寶國小,彰化縣芳苑鄉草漢路漢寶段541號
shelters,SHELTER_282,漢寶社區活動中心,彰化縣芳苑鄉成功一路45號
shelters,SHELTER_283,後寮國小,彰化縣芳苑鄉芳寮路30號
shelters,SHELTER_284,草湖國中,彰化縣芳苑鄉功湖路草湖段140號
shelters,SHELTER_285,新寶國小,彰化縣芳苑鄉芳漢路129巷100號
shelters,SHELTER_286,埔鹽鄉公所,彰化縣埔鹽鄉中正路192號
shelters,SHELTER_287,老人文康中心,彰化縣埔鹽鄉彰水路一段340巷32號
shelters,SHELTER_288,埔鹽鄉立幼兒園,彰化縣埔鹽鄉6鄰大新路一巷12之8號
shelters,SHELTER_289,永樂福利園區,彰化縣埔鹽鄉永樂路435號
shelters,SHELTER_290,埔鹽國小,彰化縣埔鹽鄉彰水路一段252號
shelters,SHELTER_291,南港國小,彰化縣埔鹽鄉埔菜路29之2號
shelters,SHELTER_292,大園國小,彰化縣埔鹽鄉埔打路45之1號
shelters,SHELTER_293,好修國小,彰化縣埔鹽鄉員鹿路二段149號
shelters,SHELTER_294,永樂國小,彰化縣埔鹽鄉永樂路600號
shelters,SHELTER_295,天盛國小,彰化縣埔鹽鄉番金路68之1號
shelters,SHELTER_296,新水國小,彰化縣埔鹽鄉大新路15號
shelters,SHELTER_297,老人文康中心,彰化縣鹿港鎮忠孝路403號
shelters,SHELTER_298,草中社區活動中心,彰化縣鹿港鎮草中巷2-16號
shelters,SHELTER_299,文開國小,彰化縣鹿港鎮文開路60號
shelters,SHELTER_300,洋厝社區活動中心,彰化縣鹿港鎮洋厝巷42-3號
shelters,SHELTER_301,新興國小,彰化縣鹿港鎮某旦巷85號
shelters,SHELTER_302,東崎社區活動中心,彰化縣鹿港鎮東崎七巷1號
shelters,SHELTER_303,洛津國小,彰化縣鹿港鎮公園三路51號
shelters,SHELTER_304,海埔里民集會所,彰化縣鹿港鎮鹿草路二段197號
shelters,SHELTER_305,溝墘社區活動中心,彰化縣鹿港鎮棋盤巷32之2號旁
shelters,SHELTER_306,山崙里活動中心(福崙社區發展協會代管),彰化縣鹿港鎮崙尾巷26-9號
shelters,SHELTER_307,菜園社區活動中心,彰化縣鹿港鎮復興南路422巷18號
shelters,SHELTER_308,頂番國小,彰化縣鹿港鎮頂草路一段100號
shelters,SHELTER_309,鹿東國小,彰化縣鹿港鎮長安路125號
shelters,SHELTER_310,鹿港鎮停一立體停車場,彰化縣鹿港鎮公園一路2號
shelters,SHELTER_311,國立鹿港高級中學,彰化縣鹿港鎮中山路661號
shelters,SHELTER_312,龍山寺,彰化縣鹿港鎮金門巷81號
shelters,SHELTER_313,街尾里活動中心,彰化縣鹿港鎮力行街45號
shelters,SHELTER_314,頭崙里集會所,彰化縣鹿港鎮頂草路二段150號
shelters,SHELTER_315,鹿港鎮公所,彰化縣鹿港鎮民權路168號
shelters,SHELTER_316,鹿江國際中小學,彰化縣鹿港鎮自由路300號
shelters,SHELTER_317,亞太鹿港渡假村,彰化縣鹿港鎮中正路588號
shelters,SHELTER_318,福興鄉公所,彰化縣福興鄉彰鹿路7段495號
shelters,SHELTER_319,福興鄉立幼兒園-東區分班,彰化縣福興鄉復興路15之15號
shelters,SHELTER_320,福興鄉立幼兒園-主園,彰化縣福興鄉福興路51巷12號
shelters,SHELTER_321,福興國中,彰化縣福興鄉員鹿路2段270號
shelters,SHELTER_322,三和社區活動中心,彰化縣福興鄉南興街78號
shelters,SHELTER_323,三汴社區活動中心,彰化縣福興鄉彰水路346巷47號
shelters,SHELTER_324,管嶼國小,彰化縣福興鄉沿海路三段100號
shelters,SHELTER_325,永豐國小,彰化縣福興鄉80號
shelters,SHELTER_326,線西國中,彰化縣線西鄉中央路二段145號
shelters,SHELTER_327,線西國小,彰化縣線西鄉中央路二段135號
shelters,SHELTER_328,曉陽國小,彰化縣線西鄉頂犁路158-1號
shelters,SHELTER_329,景崧文化教育園區-龍江館,彰化縣田中鎮中州路一段416號
shelters,SHELTER_330,田中國小,彰化縣田中鎮中州路177號
shelters,SHELTER_331,三潭國小,彰化縣田中鎮中正路715號
shelters,SHELTER_332,新民國小,彰化縣田中鎮公館路320號
shelters,SHELTER_333,內安國小,彰化縣田中鎮中南路三段54號
shelters,SHELTER_334,東和國小,彰化縣田中鎮山腳路四段188巷109號
shelters,SHELTER_335,大安國小,彰化縣田中鎮大安路一段200號
shelters,SHELTER_336,明禮國小藝能館,彰化縣田中鎮民光路一段394號
shelters,SHELTER_337,昭天宮,彰化縣田中鎮大安路二段臨312號
shelters,SHELTER_338,三光社區活動中心,彰化縣田中鎮民光路一段392巷25號
shelters,SHELTER_339,舊街社區活動中心,彰化縣田中鎮沙崙路281號
shelters,SHELTER_340,新庄社區活動中心,彰化縣田中鎮中山街134號
shelters,SHELTER_341,龍潭社區活動中心,彰化縣田中鎮大社路一段216巷100弄20號
shelters,SHELTER_342,田中鎮民活動中心,彰化縣田中鎮斗中路一段210號
shelters,SHELTER_343,田中鎮立圖書館,彰化縣田中鎮中新路229號
shelters,SHELTER_344,三春國小,彰化縣花壇鄉三芬路47號
shelters,SHELTER_345,僑愛國小,彰化縣花壇鄉中山路2段471號
shelters,SHELTER_346,文祥國小,彰化縣花壇鄉明雅街131號
shelters,SHELTER_347,灣雅村活動中心(含楓灣宮廣場),彰化縣花壇鄉楓腳巷128號
shelters,SHELTER_348,橋頭社區活動中心,彰化縣花壇鄉花橋街117-1號
shelters,SHELTER_349,白沙社區活動中心,彰化縣花壇鄉溪北街191號
shelters,SHELTER_350,長春社區活動中心,彰化縣花壇鄉花壇鄉長春村彰員路1段172巷45號
shelters,SHELTER_351,花壇村活動中心,彰化縣花壇鄉平和街76號
shelters,SHELTER_352,花壇鄉公所(舊應舍),彰化縣花壇鄉中山路二段182號
shelters,SHELTER_353,花壇鄉立老人文康中心,彰化縣花壇鄉長青路25號
shelters,SHELTER_354,華南國小,彰化縣花壇鄉中橋街226號
shelters,SHELTER_355,文德宮(香客大樓),彰化縣花壇鄉彰員路3段2號
shelters,SHELTER_356,花壇國小,彰化縣花壇鄉學前路108號
shelters,SHELTER_357,白沙國小,彰化縣花壇鄉彰員路3段225號
shelters,SHELTER_358,花壇國中,彰化縣花壇鄉彰員路2段580號
shelters,SHELTER_359,花壇鄉公所,彰化縣花壇鄉彰員路2段586號
shelters,SHELTER_360,大庭社區活動中心,彰化縣溪湖鎮崙子腳路34-1號
shelters,SHELTER_361,媽厝國小,彰化縣溪湖鎮湳底路67號
shelters,SHELTER_362,東溪國小,彰化縣溪湖鎮員鹿路一段538號
shelters,SHELTER_363,河東社區活動中心,彰化縣溪湖鎮河東路281號
shelters,SHELTER_364,湖北國小,彰化縣溪湖鎮地政路201號
shelters,SHELTER_365,湖東國小,彰化縣溪湖鎮大溪路二段423號
shelters,SHELTER_366,溪湖國小,彰化縣溪湖鎮二溪路一段35號
shelters,SHELTER_367,溪湖鎮公所,彰化縣溪湖鎮青雅路58號
shelters,SHELTER_368,老人文康中心,彰化縣溪湖鎮德華街17號
shelters,SHELTER_369,西勢社區活動中心,彰化縣溪湖鎮西安路117巷36號
shelters,SHELTER_370,溪湖鎮立幼兒園,彰化縣溪湖鎮湳底路16-30號
shelters,SHELTER_371,溪湖國中,彰化縣溪湖鎮彰水路四段60號
shelters,SHELTER_372,埔心鄉公所,彰化縣埔心鄉員鹿路二段344號
shelters,SHELTER_373,埔心鄉立幼兒園,彰化縣埔心鄉太平路336號
shelters,SHELTER_374,羅厝國小,彰化縣埔心鄉文昌東路100號
shelters,SHELTER_375,太平國小,彰化縣埔心鄉太平路289號
shelters,SHELTER_376,明聖國小,彰化縣埔心鄉西安南路178號
shelters,SHELTER_377,梧鳳國小,彰化縣埔心鄉大溪路三段175號
shelters,SHELTER_378,舊館國小,彰化縣埔心鄉員鹿路4段201號
shelters,SHELTER_379,鳳霞國小,彰化縣埔心鄉五通南路82號
shelters,SHELTER_380,埔心國小,彰化縣埔心鄉員鹿路二段254號
shelters,SHELTER_381,埔心國中暨社區多功能活動中心,彰化縣埔心鄉忠義北路57號
shelters,SHELTER_382,大村鄉公所,彰化縣大村鄉中正西路338號
shelters,SHELTER_383,大村國中,彰化縣大村鄉中山路二段240號
shelters,SHELTER_384,大村國小,彰化縣大村鄉中正西路381號
shelters,SHELTER_385,大西國小,彰化縣大村鄉大崙路10號之55
shelters,SHELTER_386,村上國小,彰化縣大村鄉中山路二段242號
shelters,SHELTER_387,村東國小,彰化縣大村鄉山腳路102號之1
shelters,SHELTER_388,大葉大學,彰化縣大村鄉學府路168號
shelters,SHELTER_389,大村村社區活動中心,彰化縣大村鄉茄苳路一段203號
shelters,SHELTER_390,大橋社區活動中心,彰化縣大村鄉中山路三段193巷69號
shelters,SHELTER_391,擺塘社區活動中心,彰化縣大村鄉擺塘橫巷1號之1
shelters,SHELTER_392,新興社區活動中心,彰化縣大村鄉新興巷6-3號
shelters,SHELTER_393,村上社區活動中心,彰化縣大村鄉中正東路98巷2號
shelters,SHELTER_394,田洋社區活動中心,彰化縣大村鄉田洋巷11號
shelters,SHELTER_395,美港社區活動中心,彰化縣大村鄉中山路一段118號
shelters,SHELTER_396,茄苳社區活動中心,彰化縣大村鄉茄苳路二段141巷31號
shelters,SHELTER_397,貢旗社區活動中心,彰化縣大村鄉大崙路4-2號
shelters,SHELTER_398,加錫及貢旗聯合集會所,彰化縣大村鄉加錫二巷3之8號
shelters,SHELTER_399,過溝集會所,彰化縣大村鄉過溝村鎮安二巷5號
shelters,SHELTER_400,過溝社區活動中心,彰化縣大村鄉過溝三巷36-2號
shelters,SHELTER_401,大崙及新興聯合集會所,彰化縣大村鄉大崙二巷28之2號
relief,RELIEF_001,三民國小,彰化縣彰化市田中路125號
relief,RELIEF_002,聯興國小,彰化縣彰化市牛埔里一心南街208號
relief,RELIEF_003,大竹國小,彰化縣彰化市彰南路二段164巷41號
relief,RELIEF_004,彰泰,彰化縣彰化市自強路357號
relief,RELIEF_005,民生國小,彰化縣彰化市民生路338號
relief,RELIEF_006,國聖國小,彰化縣彰化市中山路三段608號
relief,RELIEF_007,南興國小,彰化縣彰化市中山路1段213號
relief,RELIEF_008,東芳國小,彰化縣彰化市彰馬路45號
relief,RELIEF_009,泰和國小,彰化縣彰化市泰和路2段145巷1號
relief,RELIEF_010,快官,彰化縣彰化市彰南路四段566號
relief,RELIEF_011,石牌,彰化縣彰化市石牌里田坑路一段9號
relief,RELIEF_012,忠孝,彰化縣彰化市忠誠路61號
relief,RELIEF_013,大成,彰化縣彰化市自強路303號
relief,RELIEF_014,彰化藝術高中,彰化縣彰化市卦山路13號
relief,RELIEF_015,陽明,彰化縣彰化市長順街76號
relief,RELIEF_016,彰安,彰化縣彰化市中正路二段530號
relief,RELIEF_017,彰德,彰化縣彰化市彰南路二段512巷97號
relief,RELIEF_018,彰興,彰化縣彰化市埔西街107號
relief,RELIEF_019,信義國中(小)國中彰化縣立信義國民中,彰化縣彰化市向陽街168號
relief,RELIEF_020,彰化女中,彰化縣彰化市光復里光復路62號
relief,RELIEF_021,國立彰化師大附工,彰化縣彰化市和調里工校街1號
relief,RELIEF_022,彰化師範大學,彰化縣彰化市復興里進德路1號
relief,RELIEF_023,彰化高中,彰化縣彰化市介壽里中興路78號
relief,RELIEF_024,彰化師範大學,彰化縣彰化市介壽里師大路2號
relief,RELIEF_025,彰化高商學校,彰化縣彰化市華陽里南郭路1段326號
relief,RELIEF_026,中山國小,彰化縣彰化市中山路二段678號
relief,RELIEF_027,平和國小,彰化縣彰化市中正路2段450號
relief,RELIEF_028,南郭國小,彰化縣彰化市中興路98號
relief,RELIEF_029,新興,彰化縣鹿港鎮詔安里某旦巷85號
relief,RELIEF_030,鹿港,彰化縣鹿港鎮三民路192號
relief,RELIEF_031,鹿港鎮圖書藝文中心彰化縣鹿港鎮公所,彰化縣鹿港鎮街尾里龍舟路22號
relief,RELIEF_032,亞太鹿港渡假村亞太鹿港渡假村,彰化縣鹿港鎮埔崙里中正路588號
relief,RELIEF_033,老人文康中心彰化縣鹿港鎮公所,彰化縣鹿港鎮順興里忠孝路403號4樓
relief,RELIEF_034,鹿江國中小國中彰化縣立鹿江國際中,彰化縣鹿港鎮自由路300號
relief,RELIEF_035,頂番,彰化縣鹿港鎮頂草路1段100號
relief,RELIEF_036,東興,彰化縣鹿港鎮東崎里東崎七巷52號
relief,RELIEF_037,鹿東,彰化縣鹿港鎮長安路125號
relief,RELIEF_038,鹿鳴,彰化縣鹿港鎮頂草路3段167號
relief,RELIEF_039,海埔,彰化縣鹿港鎮鹿草路2段889號
relief,RELIEF_040,草港,彰化縣鹿港鎮頂草路四段251號
relief,RELIEF_041,洛津,彰化縣鹿港鎮公園三路51號
relief,RELIEF_042,文開,彰化縣鹿港鎮文開路60號
relief,RELIEF_043,和美國小,彰化縣和美鎮和平街19號
relief,RELIEF_044,和東國小,彰化縣和美鎮彰美路5段210號
relief,RELIEF_045,大嘉國小,彰化縣和美鎮彰和路三段50號
relief,RELIEF_046,大榮國小,彰化縣和美鎮嘉佃路296號
relief,RELIEF_047,和群國中,彰化縣和美鎮美寮路１段390號
relief,RELIEF_048,和美鎮立圖書館,彰化縣和美鎮道周路346號
relief,RELIEF_049,和仁國小,彰化縣和美鎮仁愛路279號
relief,RELIEF_050,培英國小,彰化縣和美鎮彰新路5段310號
relief,RELIEF_051,新庄國小,彰化縣和美鎮彰新路2段500號
relief,RELIEF_052,和美高中學校,彰化縣和美鎮西園路31號
relief,RELIEF_053,下犁社區,彰化縣線西鄉下犁村下犁路139之1號
relief,RELIEF_054,曉陽國小,彰化縣線西鄉頂犁路158-1號
relief,RELIEF_055,德興社區,彰化縣線西鄉線東路2段447號
relief,RELIEF_056,頂犁社區,彰化縣線西鄉頂犁路48之1號
relief,RELIEF_057,線西國中,彰化縣線西鄉寓埔村中央路二段145號
relief,RELIEF_058,塭仔社區,彰化縣線西鄉沿海路一段495巷17號
relief,RELIEF_059,寓埔社區,彰化縣線西鄉寓埔路177-1號
relief,RELIEF_060,頂庄社區,彰化縣線西鄉頂庄村沿海路2段334巷32號
relief,RELIEF_061,線西社區,彰化縣線西鄉線西村中央路2段536巷31號
relief,RELIEF_062,線西鄉立幼兒園,彰化縣線西鄉寓埔村中央路2段386巷128號
relief,RELIEF_063,線西國小,彰化縣線西鄉中央路二段135號
relief,RELIEF_064,溪底社區,彰化縣伸港鄉溪底村溪底路103-2號
relief,RELIEF_065,蚵寮社區,彰化縣伸港鄉蚵寮村蚵寮路132-5號
relief,RELIEF_066,泉厝社區,彰化縣伸港鄉泉厝村泉厝路44-3號
relief,RELIEF_067,海尾社區,彰化縣伸港鄉海尾村海尾路3-2號
relief,RELIEF_068,全興社區,彰化縣伸港鄉全興村東全路11號
relief,RELIEF_069,定興社區,彰化縣伸港鄉定興村定興路63-2號
relief,RELIEF_070,新港社區,彰化縣伸港鄉新港村自強路臨30號
relief,RELIEF_071,什股社區,彰化縣伸港鄉什股村什股路100-1號
relief,RELIEF_072,大同社區,彰化縣伸港鄉大同村大同路82號
relief,RELIEF_073,伸東國小,彰化縣伸港鄉七嘉村中華路565號
relief,RELIEF_074,文德宮,彰化縣伸港鄉七嘉村嘉二路47號
relief,RELIEF_075,汴頭社區,彰化縣伸港鄉汴頭村汴頭路187-3號
relief,RELIEF_076,伸港鄉老人文康,彰化縣伸港鄉新港村忠孝東街50號1~4樓
relief,RELIEF_077,新港國小,彰化縣伸港鄉新港村和平路60號
relief,RELIEF_078,大同國小,彰化縣伸港鄉大同村彰新路七段724號
relief,RELIEF_079,伸港國中,彰化縣伸港鄉新港村新港路280巷101號
relief,RELIEF_080,伸仁國小,彰化縣伸港鄉曾家村曾家路3-15號
relief,RELIEF_081,曾家社區,彰化縣伸港鄉曾家村曾家路65-1號
relief,RELIEF_082,泉州社區,彰化縣伸港鄉泉州村仁愛路123號
relief,RELIEF_083,伸港國中第二校區,彰化縣伸港鄉埤墘村建興路168號
relief,RELIEF_084,育新國小,彰化縣福興鄉福正路4號
relief,RELIEF_085,鹿港國中,彰化縣福興鄉橋頭村復興路78號
relief,RELIEF_086,大興國小,彰化縣福興鄉外埔村復興路15號
relief,RELIEF_087,管嶼國小,彰化縣福興鄉沿海路3段100號
relief,RELIEF_088,文昌國小,彰化縣福興鄉鎮平村鎮平街一號
relief,RELIEF_089,西勢國小,彰化縣福興鄉西勢村員鹿路二段412號
relief,RELIEF_090,福興國中,彰化縣福興鄉員鹿路二段270號
relief,RELIEF_091,永豐國小,彰化縣福興鄉番社街80號
relief,RELIEF_092,日新國小,彰化縣福興鄉彰鹿路六段546號
relief,RELIEF_093,秀水國小,彰化縣秀水鄉安東村中山路257號
relief,RELIEF_094,秀水高工學校,彰化縣秀水鄉安東村中山路364號
relief,RELIEF_095,秀水國中,彰化縣秀水鄉安東村中山路202號
relief,RELIEF_096,華龍國小,彰化縣秀水鄉秀水村花秀路51號
relief,RELIEF_097,秀水鄉農會,彰化縣秀水鄉安東村安東村中山路328號
relief,RELIEF_098,陜西國小,彰化縣秀水鄉金興村番花路261號
relief,RELIEF_099,明正國小,彰化縣秀水鄉福安村彰水路二段341號
relief,RELIEF_100,馬興國小,彰化縣秀水鄉馬興村培英巷1號
relief,RELIEF_101,秀水鄉立體育館運動場館秀水鄉立體育館,彰化縣秀水鄉安東村瓦磘街17號
relief,RELIEF_102,育民國小,彰化縣秀水鄉下崙村民生街262號
relief,RELIEF_103,花壇,彰化縣花壇鄉平和街76號
relief,RELIEF_104,橋頭,彰化縣花壇鄉花橋街117-1號
relief,RELIEF_105,灣雅,彰化縣花壇鄉楓腳巷128號
relief,RELIEF_106,彰化監理站,彰化縣花壇鄉中山路2段457號
relief,RELIEF_107,文德宮,彰化縣花壇鄉彰員路3段2號
relief,RELIEF_108,花壇國中,彰化縣花壇鄉彰員路二段580號
relief,RELIEF_109,老人文康中心社會福利機關(構)花壇鄉公所,彰化縣花壇鄉長青路25號
relief,RELIEF_110,花壇圖書館,彰化縣花壇鄉中正路72號
relief,RELIEF_111,白沙國小,彰化縣花壇鄉白沙村彰員路三段225號
relief,RELIEF_112,三春國小,彰化縣花壇鄉三芬路47號
relief,RELIEF_113,僑愛國小,彰化縣花壇鄉中口村中山路二段471號
relief,RELIEF_114,華南國小,彰化縣花壇鄉中橋街226號
relief,RELIEF_115,文祥國小,彰化縣花壇鄉劉厝村明雅街131號
relief,RELIEF_116,花壇國小,彰化縣花壇鄉學前路108號
relief,RELIEF_117,長春社區,彰化縣花壇鄉長春村彰員路1段172巷45號
relief,RELIEF_118,寶山國小,彰化縣芬園鄉圳墘村彰南路二段36號
relief,RELIEF_119,芬園鄉立圖書館,彰化縣芬園鄉社口村彰南路四段25號1樓及
relief,RELIEF_120,竹林社區,彰化縣芬園鄉竹林村太平路77巷12號
relief,RELIEF_121,茄荖國小,彰化縣芬園鄉茄荖村嘉北街96號
relief,RELIEF_122,文德國小,彰化縣芬園鄉大竹村大彰路一段617號
relief,RELIEF_123,同安國小,彰化縣芬園鄉大彰路二段400巷36號
relief,RELIEF_124,茄荖嘉興社區,彰化縣芬園鄉嘉興村芬草路一段93巷126號
relief,RELIEF_125,芬園鄉公所隔壁鐵馬驛站及風雨籃球場運動場館彰化縣芬園鄉公所,彰化縣芬園鄉社口村芬草路2段300號
relief,RELIEF_126,芬園國小,彰化縣芬園鄉社口村彰南路四段27巷28號
relief,RELIEF_127,芬園國中,彰化縣芬園鄉社口村彰南路四段27巷80號
relief,RELIEF_128,富山國小,彰化縣芬園鄉大埔村大埔路6號
relief,RELIEF_129,中華電信芬園服務中心住宿休閒會館中華電信股份有限公司南投營運處芬園服務中心,彰化縣芬園鄉芬園村彰南路三段496號1、B
relief,RELIEF_130,員林家商學校,彰化縣員林市大饒里中正路56號B
relief,RELIEF_131,大同國中,彰化縣員林市大同路一段345號
relief,RELIEF_132,員林農工學校,彰化縣員林市萬年里員水路2段313號B
relief,RELIEF_133,崇實高工學校,彰化縣員林市新興里育英路103號B
relief,RELIEF_134,員林國小,彰化縣員林市三民東街221號
relief,RELIEF_135,育英國小,彰化縣員林市光明街31號
relief,RELIEF_136,靜修國小,彰化縣員林市靜修路74號
relief,RELIEF_137,僑信國小,彰化縣員林市中山路2段280號
relief,RELIEF_138,員東國小,彰化縣員林市員東路二段12號
relief,RELIEF_139,青山國小,彰化縣員林市出水里湶洲巷3號
relief,RELIEF_140,明湖國小,彰化縣員林市湖水路277號
relief,RELIEF_141,東山國小,彰化縣員林市南東里山腳路四段212號
relief,RELIEF_142,饒明國小,彰化縣員林市員集路二段131號
relief,RELIEF_143,員林國中,彰化縣員林市南潭路2號
relief,RELIEF_144,明倫國中,彰化縣員林市明倫路2號
relief,RELIEF_145,員林高中學校,彰化縣員林市新生里靜修路79號B
relief,RELIEF_146,湖南國小,彰化縣溪湖鎮彰水路二段725號
relief,RELIEF_147,湖東國小,彰化縣溪湖鎮湖東里大溪路二段423號
relief,RELIEF_148,東溪國小,彰化縣溪湖鎮員鹿路一段538號
relief,RELIEF_149,溪湖國小,彰化縣溪湖鎮二溪路一段35號
relief,RELIEF_150,溪湖零售市場市場彰化縣溪湖鎮公所,彰化縣溪湖鎮民生街9號號1f
relief,RELIEF_151,國立溪湖高中學校,彰化縣溪湖鎮大溪路二段86號
relief,RELIEF_152,成功高中學校,彰化縣溪湖鎮福德路310號
relief,RELIEF_153,溪湖國中,彰化縣溪湖鎮彰水路4段60號
relief,RELIEF_154,湖西國小,彰化縣溪湖鎮北聖路20號
relief,RELIEF_155,湖北國小,彰化縣溪湖鎮太平里地政路201號
relief,RELIEF_156,媽厝國小,彰化縣溪湖鎮媽厝里湳底路67號
relief,RELIEF_157,田中國小,彰化縣田中鎮中州路一段177號
relief,RELIEF_158,三潭國小,彰化縣田中鎮中正路715號
relief,RELIEF_159,新民國小,彰化縣田中鎮公館路320號
relief,RELIEF_160,內安國小,彰化縣田中鎮中南路三段54號
relief,RELIEF_161,景崧文化教育園區-龍江館,彰化縣田中鎮梅州里中州路一段416號
relief,RELIEF_162,田中高中學校,彰化縣田中鎮文化街23號
relief,RELIEF_163,聖心堂,彰化縣田中鎮中潭里員集路3段125巷34號
relief,RELIEF_164,彰化榮家社會福利機關(構)彰化榮家JTA033,彰化縣田中鎮碧峰里中南路2段421號
relief,RELIEF_165,田中鎮立圖書館,彰化縣田中鎮中路里中新路229號
relief,RELIEF_166,田中鎮民,彰化縣田中鎮西路里斗中路一段210號
relief,RELIEF_167,龍潭社區,彰化縣田中鎮龍潭里大社路一段216巷100弄20號
relief,RELIEF_168,新庄社區,彰化縣田中鎮新庄里中山街134號
relief,RELIEF_169,三光社區,彰化縣田中鎮三光里民光路一段392巷25號
relief,RELIEF_170,昭天宮,彰化縣田中鎮大崙里大安路二段臨312號
relief,RELIEF_171,明禮國小,彰化縣田中鎮民光路一段394號
relief,RELIEF_172,大安國小,彰化縣田中鎮三安里大安路一段200號
relief,RELIEF_173,東和國小,彰化縣田中鎮復興里山腳路四段188巷109號
relief,RELIEF_174,舊街社區,彰化縣田中鎮沙崙里沙崙路281號
relief,RELIEF_175,村東國小,彰化縣大村鄉福興村山腳路102號之1
relief,RELIEF_176,大村國中,彰化縣大村鄉村上村中山路二段240號
relief,RELIEF_177,大葉大學,彰化縣大村鄉學府路169號
relief,RELIEF_178,大村國小,彰化縣大村鄉中正西路381號
relief,RELIEF_179,大西國小,彰化縣大村鄉大崙村大崙路10-55號
relief,RELIEF_180,村上國小,彰化縣大村鄉中山路二段242號
relief,RELIEF_181,天盛國小,彰化縣埔鹽鄉天盛村番金路68-1號
relief,RELIEF_182,新水國小,彰化縣埔鹽鄉新水村大新路一巷15號
relief,RELIEF_183,埔鹽國中,彰化縣埔鹽鄉好修村中正路162號
relief,RELIEF_184,好修國小,彰化縣埔鹽鄉好修村員鹿路2段149號
relief,RELIEF_185,埔鹽鄉立圖書館,彰化縣埔鹽鄉員鹿路二段60號B
relief,RELIEF_186,埔鹽國小,彰化縣埔鹽鄉彰水路一段252號
relief,RELIEF_187,永樂國小,彰化縣埔鹽鄉永樂村永樂路600號
relief,RELIEF_188,南港國小,彰化縣埔鹽鄉南港村埔菜路29-2號
relief,RELIEF_189,大園國小,彰化縣埔鹽鄉埔打路45-1號
relief,RELIEF_190,明聖國小,彰化縣埔心鄉西安南路178號
relief,RELIEF_191,鳳霞國小,彰化縣埔心鄉五通南路82號
relief,RELIEF_192,太平國小,彰化縣埔心鄉太平路289號
relief,RELIEF_193,埔心國中,彰化縣埔心鄉忠義北路57號
relief,RELIEF_194,埔心鄉立幼兒園,彰化縣埔心鄉太平村太平路336號
relief,RELIEF_195,埔心鄉圖書館,彰化縣埔心鄉義民村員鹿路二段328號
relief,RELIEF_196,埔心國小,彰化縣埔心鄉員鹿路二段254號
relief,RELIEF_197,羅厝國小,彰化縣埔心鄉文昌東路100號
relief,RELIEF_198,舊館國小,彰化縣埔心鄉員鹿路四段201號
relief,RELIEF_199,梧鳳國小,彰化縣埔心鄉大溪路三段175號
relief,RELIEF_200,永靖國小,彰化縣永靖鄉永東村中山路二段65號
relief,RELIEF_201,永靖鄉立圖書館,彰化縣永靖鄉永安街86號2-3樓
relief,RELIEF_202,永靖高工學校,彰化縣永靖鄉永坡路101號
relief,RELIEF_203,福興國小,彰化縣永靖鄉永靖鄉永福路2段160號
relief,RELIEF_204,永靖國中,彰化縣永靖鄉瑚璉村錫壽路123號
relief,RELIEF_205,福德國小,彰化縣永靖鄉福德巷36號
relief,RELIEF_206,德興國小,彰化縣永靖鄉竹子村竹後巷47號
relief,RELIEF_207,永靖鄉果菜市場市場永靖鄉公所,彰化縣永靖鄉裕農路58號
relief,RELIEF_208,永興國小,彰化縣永靖鄉永興路2段32號
relief,RELIEF_209,社頭國小,彰化縣社頭鄉社斗路一段258號
relief,RELIEF_210,舊社國小,彰化縣社頭鄉社石路956號
relief,RELIEF_211,特殊教育,彰化縣社頭鄉仁雅村中山路1段306號B
relief,RELIEF_212,橋頭國小,彰化縣社頭鄉橋頭村員集路三段528號
relief,RELIEF_213,崙雅國小,彰化縣社頭鄉員集路一段615號
relief,RELIEF_214,湳雅國小,彰化縣社頭鄉山腳路三段395號
relief,RELIEF_215,清水國小,彰化縣社頭鄉山腳路一段486號
relief,RELIEF_216,朝興國小,彰化縣社頭鄉朝興村社石路91號
relief,RELIEF_217,社頭國中,彰化縣社頭鄉中興路1號
relief,RELIEF_218,社頭運動公園-體育館運動場館社頭社頭運動公園,彰化縣社頭鄉美雅村中山路一段172號
relief,RELIEF_219,二水鄉圖書館二水鄉公所,彰化縣二水鄉溪邊巷72號
relief,RELIEF_220,復興,彰化縣二水鄉復興村員集路五段472號
relief,RELIEF_221,二水,彰化縣二水鄉光文路119號
relief,RELIEF_222,二水,彰化縣二水鄉月眉巷13號
relief,RELIEF_223,源泉,彰化縣二水鄉大園村員集路二段316號
relief,RELIEF_224,北斗鎮市場市場北斗鎮公所,彰化縣北斗鎮七星里斗苑路1段73號地上2地下
relief,RELIEF_225,北斗郵局,彰化縣北斗鎮光復里光復路226號地上4地下
relief,RELIEF_226,北斗台電公司,彰化縣北斗鎮大道里文苑路1段107號地上4地下
relief,RELIEF_227,大新國小,彰化縣北斗鎮大新里大新路556號
relief,RELIEF_228,螺青國小,彰化縣北斗鎮東光里斗中路712號
relief,RELIEF_229,萬來國小,彰化縣北斗鎮西德里文賢街35號
relief,RELIEF_230,北斗國小,彰化縣北斗鎮新政里文苑路一段32號
relief,RELIEF_231,北斗國中,彰化縣北斗鎮大道里文苑路一段136號
relief,RELIEF_232,北斗家商學校,彰化縣北斗鎮大道里文苑路17號地上7地下
relief,RELIEF_233,北斗家商學校,彰化縣北斗鎮大道里學府路50號地上4地下
relief,RELIEF_234,中華電信營運處北斗線路中心住宿休閒會館中華電信彰化營運處,彰化縣北斗鎮大新里新工一路1段80號B
relief,RELIEF_235,螺陽國小,彰化縣北斗鎮斗苑路二段150號
relief,RELIEF_236,二林工商學校,彰化縣二林鎮豐田里斗苑路4段500號
relief,RELIEF_237,中正國小,彰化縣二林鎮育英街178巷56號
relief,RELIEF_238,萬興國中,彰化縣二林鎮萬興里二溪路六段626號
relief,RELIEF_239,興華國小,彰化縣二林鎮東興里竹林路3段393號
relief,RELIEF_240,育德國小,彰化縣二林鎮外竹里中南巷41之1號
relief,RELIEF_241,香田國小,彰化縣二林鎮香田里儒林路10之1號
relief,RELIEF_242,廣興國小,彰化縣二林鎮廣興里廣興巷2-1號
relief,RELIEF_243,萬興國小,彰化縣二林鎮二溪路六段433號
relief,RELIEF_244,新生國小,彰化縣二林鎮鎮平巷59號
relief,RELIEF_245,萬合國小,彰化縣二林鎮萬合里江山巷1號
relief,RELIEF_246,東勢,彰化縣二林鎮東勢里面前巷2-20號
relief,RELIEF_247,二林高中學校,彰化縣二林鎮二城路6號
relief,RELIEF_248,二林鎮立幼兒園,彰化縣二林鎮豐田里斗苑路四段586號
relief,RELIEF_249,南光,彰化縣二林鎮南光里懷仁街8號
relief,RELIEF_250,原斗國中(小),彰化縣二林鎮原斗里原竹路872號
relief,RELIEF_251,中興國小,彰化縣二林鎮光復路73號
relief,RELIEF_252,二林國小,彰化縣二林鎮東和里斗苑路5段22號
relief,RELIEF_253,二林文化園區,彰化縣二林鎮西平里西和一街65號
relief,RELIEF_254,睦宜社區,彰化縣田尾鄉聖德巷162號
relief,RELIEF_255,溪畔社區,彰化縣田尾鄉溪畔巷157號
relief,RELIEF_256,陸豐社區,彰化縣田尾鄉陸豐路48號
relief,RELIEF_257,陸豐國小,彰化縣田尾鄉陸豐村民生路三段200號
relief,RELIEF_258,海豐社區,彰化縣田尾鄉中正路三段396巷36號
relief,RELIEF_259,正義社區,彰化縣田尾鄉中正路一段232號
relief,RELIEF_260,仁里社區,彰化縣田尾鄉中正路二段103巷9號
relief,RELIEF_261,北曾社區,彰化縣田尾鄉福德巷359號
relief,RELIEF_262,北鎮社區,彰化縣田尾鄉平和路二段151號
relief,RELIEF_263,南曾社區,彰化縣田尾鄉福德巷185號
relief,RELIEF_264,南鎮社區,彰化縣田尾鄉平和路一段140號
relief,RELIEF_265,天乙宮,彰化縣田尾鄉建平路一段66號
relief,RELIEF_266,打簾社區,彰化縣田尾鄉民生路一段245號
relief,RELIEF_267,新生社區,彰化縣田尾鄉延平路150號
relief,RELIEF_268,新興社區,彰化縣田尾鄉新興路280號
relief,RELIEF_269,溪頂社區,彰化縣田尾鄉三溪路一段209號
relief,RELIEF_270,田尾社區,彰化縣田尾鄉光復路三段538巷1號
relief,RELIEF_271,福田社區,彰化縣田尾鄉光復路一段98巷181號
relief,RELIEF_272,豐田社區,彰化縣田尾鄉光復路四段161號
relief,RELIEF_273,田尾國中,彰化縣田尾鄉中學路二段18號
relief,RELIEF_274,柳鳳社區,彰化縣田尾鄉民生路二段338號
relief,RELIEF_275,田尾國小,彰化縣田尾鄉中山路一段449號
relief,RELIEF_276,南鎮國小,彰化縣田尾鄉南鎮村光復路一段295號
relief,RELIEF_277,仁豐國小,彰化縣田尾鄉中正路二段101號
relief,RELIEF_278,新厝社區,彰化縣田尾鄉光明巷54號
relief,RELIEF_279,中和國小,彰化縣埤頭鄉中和村溪林路284號
relief,RELIEF_280,大湖國小,彰化縣埤頭鄉大湖村大湖路260號
relief,RELIEF_281,埤頭國中,彰化縣埤頭鄉崙腳村中學路67號
relief,RELIEF_282,埤頭國小,彰化縣埤頭鄉埤頭村中南路145號
relief,RELIEF_283,中華電信住宿休閒會館中華電信,彰化縣埤頭鄉合興村斗苑西路32號B
relief,RELIEF_284,芙朝國小,彰化縣埤頭鄉芙朝村芙朝路205號
relief,RELIEF_285,老人文康中心,彰化縣埤頭鄉平原村安康街72號
relief,RELIEF_286,圖書館一樓,彰化縣埤頭鄉合興村文鄉路135號
relief,RELIEF_287,豐崙國小,彰化縣埤頭鄉豊崙村校前路50號
relief,RELIEF_288,元埔社區,彰化縣埤頭鄉元埔村文化路495巷11號
relief,RELIEF_289,合興國小,彰化縣埤頭鄉合興村文鄉路161號
relief,RELIEF_290,漢寶國小,彰化縣芳苑鄉漢寶村草漢路漢寶段541號
relief,RELIEF_291,芳苑國小,彰化縣芳苑鄉斗苑路芳苑段230號
relief,RELIEF_292,新寶國小,彰化縣芳苑鄉新寶村芳漢路新寶段129巷100號
relief,RELIEF_293,草湖國中,彰化縣芳苑鄉草湖村功湖路草湖段140號
relief,RELIEF_294,芳苑國中,彰化縣芳苑鄉仁愛村斗苑路芳苑段211號
relief,RELIEF_295,路上國小,彰化縣芳苑鄉路上村新上路12號
relief,RELIEF_296,建新國小,彰化縣芳苑鄉新生村草漢路草二段86號
relief,RELIEF_297,草湖國小,彰化縣芳苑鄉文津村芳草路66號
relief,RELIEF_298,育華國小,彰化縣芳苑鄉永興村太平路300號
relief,RELIEF_299,後寮國小,彰化縣芳苑鄉芳寮路30號
relief,RELIEF_300,王功國小,彰化縣芳苑鄉王功村功湖路481號
relief,RELIEF_301,民權華德福國中(小),彰化縣芳苑鄉五俊村新生巷5-1號
relief,RELIEF_302,潭墘國小,彰化縣大城鄉潭墘村潭城路1號
relief,RELIEF_303,大城演藝廳,彰化縣大城鄉大城村中平路132號
relief,RELIEF_304,大城國中,彰化縣大城鄉東城村南平路224號
relief,RELIEF_305,西港國小,彰化縣大城鄉東港村中央路2號
relief,RELIEF_306,美豐國小,彰化縣大城鄉三豐村東盛路1號
relief,RELIEF_307,大城圖書館,彰化縣大城鄉東城村中平路163號
relief,RELIEF_308,中華電信公司大城服務處住宿休閒會館中華電信公司大城服務處,彰化縣大城鄉東城村南平路74號
relief,RELIEF_309,頂庄國小,彰化縣大城鄉頂庄村東厝路63-1號
relief,RELIEF_310,大城國小,彰化縣大城鄉中平路176號
relief,RELIEF_311,永光國小,彰化縣大城鄉公館村青埔路7-8號
relief,RELIEF_312,田頭國小,彰化縣竹塘鄉田頭村光明路60號
relief,RELIEF_313,竹塘國小,彰化縣竹塘鄉竹塘村文化街20號
relief,RELIEF_314,長安國小,彰化縣竹塘鄉長安村東陽路二段123號
relief,RELIEF_315,竹塘國中,彰化縣竹塘鄉竹林路一段550號
relief,RELIEF_316,民靖國小,彰化縣竹塘鄉民靖村文昌路152號
relief,RELIEF_317,老人文康中心,彰化縣竹塘鄉民靖村金山路40號
relief,RELIEF_318,竹林社區,彰化縣竹塘鄉竹林村竹鹿路保安巷45號
relief,RELIEF_319,五庄社區,彰化縣竹塘鄉五庄村竹五路222號
relief,RELIEF_320,樹腳社區,彰化縣竹塘鄉樹腳村福田路6號
relief,RELIEF_321,新廣社區,彰化縣竹塘鄉新廣村光明路廣福巷57號
relief,RELIEF_322,土庫國小,彰化縣竹塘鄉土庫村東陽路一段362號
relief,RELIEF_323,溪陽國中,彰化縣溪州鄉成功村下柑路1號
relief,RELIEF_324,大莊國小,彰化縣溪州鄉大庄村中橫巷1號
relief,RELIEF_325,溪州國中,彰化縣溪州鄉中央路三段300號
relief,RELIEF_326,南州國小,彰化縣溪州鄉溪州村公園路95號
relief,RELIEF_327,圳寮國小,彰化縣溪州鄉圳寮村下樹巷29號
relief,RELIEF_328,成功國小,彰化縣溪州鄉登山路二段365號
relief,RELIEF_329,潮洋國小,彰化縣溪州鄉陸軍路一段146號
relief,RELIEF_330,水尾國小,彰化縣溪州鄉水尾村太平路137號
relief,RELIEF_331,溪州國小,彰化縣溪州鄉中山路三段451號
relief,RELIEF_332,三條國小,彰化縣溪州鄉中央路2段31號
relief,RELIEF_333,僑義國小,彰化縣溪州鄉中山路二段326號
relief,RELIEF_334,成功國小西畔分校,彰化縣溪州鄉廣一巷24號
care,CARE_001,成功社區發展協會,彰化縣彰化市成功里旭光西路39號
care,CARE_002,國軍退除役官兵輔導委員會中彰榮譽國民之家,彰化縣彰化市桃源里公園路2段301號
care,CARE_003,牛埔社區發展協會,彰化縣彰化市牛埔里彰南路3段226號
care,CARE_004,西安社區發展協會,彰化縣彰化市民族路369號
care,CARE_005,台鳳社區發展協會,彰化縣彰化市互助一街42號
care,CARE_006,復興社區發展協會,彰化縣彰化市復興里竹和路176-1號
care,CARE_007,財團法人台灣基督長老教會彰化教會,彰化縣彰化市中華路195號
care,CARE_008,長樂社區發展協會,彰化縣彰化市長樂里和平路173號
care,CARE_009,福田社區發展協會,彰化縣彰化市福田里福田一路51巷124號
care,CARE_010,國有土地之建築物忠權社區發展協會,彰化縣彰化市忠權里自立街146號
care,CARE_011,會館梅鑒霧全人關懷協會,彰化縣彰化市彰南路二段55巷7號
care,CARE_012,向陽社區發展協會,彰化縣彰化市向陽里中央路132號
care,CARE_013,會館財團法人福智慈善基金會,彰化縣彰化市三民路407號2樓
care,CARE_014,介壽社區發展協會,彰化縣彰化市介壽新村21號
care,CARE_015,光復社區發展協會,彰化縣彰化市民生路279之3號
care,CARE_016,會館財團法人天主教聖心基金會,彰化縣彰化市大埔路666號
care,CARE_017,社團法人彰化縣益康關懷協會,彰化縣彰化市金馬路三段539巷26弄6號
care,CARE_018,西勢社區發展協會,彰化縣彰化市西勢里忠誠路1號
care,CARE_019,會館金齡關懷協會,彰化縣彰化市陳稜路2號
care,CARE_020,尚無關懷長青協會,彰化縣彰化市三民路279巷15之5號
care,CARE_021,里長家樂齡關懷-和調里,彰化縣彰化市中山路三段21之1號
care,CARE_022,彰山宮幼兒園1樓（無償使用）樂齡關懷-華北里,彰化縣彰化市南校街160號1樓
care,CARE_023,樂齡關懷-新華里,彰化縣彰化市彰美路一段8巷42弄30之7號
care,CARE_024,平和社區發展協會,彰化縣彰化市平順街8號
care,CARE_025,財團法人台灣基督長老教會彰化中會彰山教會,彰化縣彰化市彰南路一段395巷19號
care,CARE_026,崙平社區發展協會,彰化縣彰化市中華西路283巷49弄1號
care,CARE_027,無償使用教會基督教青年會,彰化縣彰化市延平里埔陽街60號
care,CARE_028,石牌社區發展協會,彰化縣彰化市石牌里石牌路一段192巷3號
care,CARE_029,南瑤社區發展協會,彰化縣彰化市中正路二段675巷33號
care,CARE_030,延和社區發展協會,彰化縣彰化市延和里埔西街111號
care,CARE_031,里長家光華社區發展協會,彰化縣彰化市民生路229巷13號
care,CARE_032,南興社區發展協會,彰化縣彰化市中山路一段189巷49號
care,CARE_033,永芳社區發展協會,彰化縣彰化市永芳路468號
care,CARE_034,（玉皇宮2樓）福山社區發展協會,彰化縣彰化市福山街168號
care,CARE_035,新興社區發展協會,彰化縣彰化市新興里彰新路一段117號
care,CARE_036,民權社區發展協會,彰化縣彰化市民族路467號
care,CARE_037,安溪社區發展協會,彰化縣彰化市安溪里安溪路81巷5號
care,CARE_038,卦山社區發展協會,彰化縣彰化市旭光路69號
care,CARE_039,市民集會所阿夷社區發展協會,彰化縣彰化市建國東路69號
care,CARE_040,廟埕大竹社區發展協會,彰化縣彰化市竹中路4號
care,CARE_041,租借民宅大同社區發展協會,彰化縣彰化市中華路111巷17號
care,CARE_042,廟埕莿桐社區發展協會,彰化縣彰化市莿桐里彰水路53巷17號
care,CARE_043,佛寺教室龍泉寺,彰化縣彰化市公園路二段76號
care,CARE_044,寶廍社區發展協會,彰化縣彰化市寶廍里寶廍路139號
care,CARE_045,香山社區發展會,彰化縣彰化市香山里彰南路2段618巷11號
care,CARE_046,會館新興關懷協會,彰化縣彰化市永安街336號
care,CARE_047,白沙社區發展協會,彰化縣花壇鄉白沙村虎山街350號
care,CARE_048,花壇社區發展協會,彰化縣花壇鄉花壇村平和街76號
care,CARE_049,民眾服務社婦女新知交流協會,彰化縣花壇鄉長沙村彰員路二段542號
care,CARE_050,廟埕中庄社區發展協會,彰化縣花壇鄉中庄村中山路一段125號
care,CARE_051,南口社區發展協會,彰化縣花壇鄉南口村中山路二段369號
care,CARE_052,文德社區發展協會,彰化縣花壇鄉文德村溪南街66巷16號
care,CARE_053,橋頭社區發展協會,彰化縣花壇鄉橋頭村花橋街117-1號
care,CARE_054,劉厝社區發展協會,彰化縣花壇鄉劉厝村明德街447巷2號
care,CARE_055,岩竹社區發展協會,彰化縣花壇鄉岩竹村大嶺巷9號
care,CARE_056,金墩社區發展協會,彰化縣花壇鄉金墩村金墩村101號
care,CARE_057,馬興社區發展協會,彰化縣秀水鄉馬興村鎮南巷20號
care,CARE_058,莊雅社區發展協會,彰化縣秀中街82巷67弄3號
care,CARE_059,埔崙社區發展協會,彰化縣秀水鄉埔崙村蘇周巷162號
care,CARE_060,雅興社區發展協會,彰化縣秀水鄉馬興村雅興街260巷8-1號
care,CARE_061,鶴鳴社區發展協會,彰化縣秀水鄉鶴鳴村明山街臨182號
care,CARE_062,頭前社區發展協會,彰化縣秀水鄉鶴鳴村永興巷臨61號
care,CARE_063,金陵社區發展協會,彰化縣秀水鄉金陵村竹圍巷3號
care,CARE_064,惠來社區發展協會,彰化縣秀水鄉民生街三聖巷15號
care,CARE_065,靜思堂財團法人中華民國佛教慈濟慈善事業基金會-,彰化縣秀水鄉彰鹿路626號
care,CARE_066,福安社區發展協會,彰化縣秀水鄉福安村長美巷臨53號
care,CARE_067,金興社區發展協會,彰化縣秀水鄉正興路126巷臨9號
care,CARE_068,安溪社區發展協會,彰化縣秀水鄉安溪村安溪街98號
care,CARE_069,秀水天主堂財團法人天主教會台中教區-彰化天主堂（秀水站）,彰化縣秀水鄉花秀路212號
care,CARE_070,安東社區發展協會,彰化縣秀水鄉安東村枋林巷60號
care,CARE_071,廟埕下崙社區發展協會,彰化縣秀水鄉下崙村民生街206號
care,CARE_072,廟埕義興社區發展協會,彰化縣秀水鄉義興村義雅巷8-12號
care,CARE_073,港墘社區發展協會,彰化縣秀水鄉秀水村開南巷30號
care,CARE_074,曾厝社區發展協會,彰化縣秀水鄉曾厝村大厝巷臨66號
care,CARE_075,陝西社區發展協會,彰化縣秀水鄉陝西村埔南巷92號
care,CARE_076,村V大村社區發展協會,彰化縣大村鄉大村村茄苳路1段203號
care,CARE_077,貢旗社區發展協會,彰化縣大村鄉貢旗村大崙路4-2號
care,CARE_078,擺塘社區發展協會,彰化縣大村鄉擺塘村擺塘橫巷1-1號
care,CARE_079,加錫社區發展協會,彰化縣大村鄉加錫村加錫二巷3-8號
care,CARE_080,南勢社區發展協會,彰化縣大村鄉南勢村南一橫巷3-12號
care,CARE_081,田洋社區發展協會,彰化縣大村鄉田洋村田洋巷11-2號
care,CARE_082,平和社區發展協會(聖瑤宮旁邊),彰化縣大村鄉聖瑤東路79號
care,CARE_083,大橋社區發展協會,彰化縣大村鄉大橋村中山路3段193巷69號
care,CARE_084,大崙社區發展協會,彰化縣大村鄉大崙村7鄰大崙2巷28-2號
care,CARE_085,(賜福宮)美港社區發展協會,彰化縣大村鄉美港村中山路一段118號
care,CARE_086,新興社區發展協會,彰化縣大村鄉新興村新興巷6-3號
care,CARE_087,上村鄉托幼兒園村上社區發展協會,彰化縣大村鄉村上村中正東路98巷2號
care,CARE_088,茄苳社區發展協會,彰化縣大村鄉茄苳路二段141巷31號
care,CARE_089,南勢社區發展協會,彰化縣鹿港鎮頭南里南勢巷57-21號
care,CARE_090,洋厝社區發展協會,彰化縣鹿港鎮洋厝里洋厝巷42-3號
care,CARE_091,公所租用老人文康中心財團法人老五老基金會,彰化縣鹿港鎮順興里忠孝路403號3樓(地下室1樓
care,CARE_092,山崙社區發展協會,彰化縣鹿港鎮山崙里山崙巷52號
care,CARE_093,廟埕萬興社區發展協會,彰化縣鹿港鎮頭崙里頂草路2段150號
care,CARE_094,景福社區發展協會,彰化縣鹿港鎮景福里萬壽路244號
care,CARE_095,廟埕東昇社區發展協會,彰化縣鹿港鎮東崎里打鐵巷9號
care,CARE_096,東崎社區發展協會,彰化縣鹿港鎮東崎里東崎七巷1號
care,CARE_097,山寮社區發展協會,彰化縣鹿港鎮山崙里山寮巷26號
care,CARE_098,廟埕永順社區發展協會,彰化縣鹿港鎮溝墘里溝墘巷臨72-8號
care,CARE_099,財團法人福智慈善基金會(鹿港),彰化縣鹿港鎮埔崙里鹿草路1段441號1樓
care,CARE_100,廟埕埔崙社區發展協會,彰化縣鹿港鎮埔崙里八德路26號
care,CARE_101,新厝社區發展協會,彰化縣鹿港鎮洋厝里新厝巷51-1號
care,CARE_102,下犁社區發展協會,彰化縣線西鄉下犁村下犁路139-1號
care,CARE_103,線西社區發展協會彰化縣,彰化縣線西鄉線西村中央路二段536巷31號
care,CARE_104,彰化縣線西鄉老人會,彰化縣線西鄉寓埔村中央路二段15號
care,CARE_105,頂庄社區發展協會彰化縣,彰化縣線西鄉頂庄村沿海路二段334巷32號
care,CARE_106,寓埔社區發展協會,彰化縣線西鄉寓埔村寓埔路177-1號
care,CARE_107,面前社區發展協會,彰化縣和美鎮面前里雅安路265號
care,CARE_108,新庄社區發展協會,彰化縣和美鎮新庄里東發路100巷36-1號
care,CARE_109,源埤社區發展協會（慶安宮）,彰化縣和美鎮源埤里南安路105號
care,CARE_110,南佃社區發展協會,彰化縣和美鎮南佃里嘉佃路157號
care,CARE_111,雅溝社區發展協會,彰化縣和美鎮雅溝里南軒路359巷7號
care,CARE_112,鎮平社區發展協會,彰化縣和美鎮鎮平里南平路11號
care,CARE_113,彰化縣和美鎮中寮大庄社區關懷協會,彰化縣和美鎮中圍里桂東路159巷18號
care,CARE_114,詔安社區發展協會,彰化縣和美鎮詔安里彰和路二段172號
care,CARE_115,地潭社區發展協會,彰化縣和美鎮地潭里和厝路二段772號
care,CARE_116,鐵山社區發展協會,彰化縣和美鎮鐵山里鎮東路190號
care,CARE_117,協會會所財團法人和美天佑宮,彰化縣和美鎮面前里和順路232號
care,CARE_118,竹園社區發展協會(保安宮),彰化縣和美鎮竹園里彰新路四段115號
care,CARE_119,廟埕還社社區發展協會（北極宮),彰化縣和美鎮還社里孝義路366巷6號
care,CARE_120,柑井社區發展協會,彰化縣和美鎮柑井里柑竹路340號
care,CARE_121,財團法人福智慈善基金會(和美),彰化縣和美鎮竹營里德美路306號3樓
care,CARE_122,嘉寶社區發展協會,彰化縣和美鎮嘉寶里福北路219號
care,CARE_123,中寮社區發展協會,彰化縣和美鎮中寮里東興路25號
care,CARE_124,犁盛社區發展協會,彰化縣和美鎮犁盛里東平路221巷11號
care,CARE_125,大霞社區發展協會,彰化縣和美鎮大霞里彰和路3段422號
care,CARE_126,山犁社區發展協會,彰化縣和美鎮山犁里惠來五街45號3樓
care,CARE_127,溪底社區發展協會,彰化縣伸港鄉溪底村溪底路103-2號
care,CARE_128,財團法人福智慈善基金會(,彰化縣伸港鄉新港村自強路138號
care,CARE_129,定興社區發展協會,彰化縣伸港鄉定興村定興路63-2號
care,CARE_130,新港社區發展協會,彰化縣伸港鄉新港村自強路臨30號
care,CARE_131,協會會所寶光紹興茂源講堂,彰化縣伸港鄉大同村彰新路七段722號
care,CARE_132,全興社區發展協會,彰化縣伸港鄉全興村東全路11號
care,CARE_133,埤墘社區發展協會,彰化縣伸港鄉埤墘村埤墘一路154號
care,CARE_134,西勢社區發展協會,彰化縣福興鄉西勢村西勢街18-3號
care,CARE_135,番社社區發展協會,彰化縣福興鄉番社村番社街臨17-15號
care,CARE_136,外中社區發展協會,彰化縣福興鄉外中村外中街108-2號
care,CARE_137,外埔社區發展協會,彰化縣福興鄉外埔村復興路16-1號
care,CARE_138,番婆社區發展協會,彰化縣福興鄉番婆村番婆街16-1號
care,CARE_139,橋頭社區發展協會,彰化縣福興鄉橋頭村彰鹿路七段444巷99號
care,CARE_140,大崙社區發展協會,彰化縣福興鄉大崙村大崙街31-5號
care,CARE_141,三汴社區發展協會,彰化縣福興鄉三汴村彰水路346巷47號
care,CARE_142,廟埕元中社區發展協會,彰化縣福興鄉元中村橫圳巷6號
care,CARE_143,倉庫同安社區發展協會,彰化縣福興鄉同安村同安巷33-7號
care,CARE_144,麥厝社區發展協會,彰化縣福興鄉麥厝村沿海路一段678號
care,CARE_145,福興社區發展協會,彰化縣福興鄉福興村福興路51巷6號
care,CARE_146,二港社區發展協會,彰化縣福興鄉二港村福正路21巷13-33號
care,CARE_147,秀厝社區發展協會,彰化縣福興鄉秀厝村秀厝二街147號
care,CARE_148,頂粘社區發展協會,彰化縣福興鄉頂粘村頂粘街203號
care,CARE_149,協會會所正宇人文發展協會,彰化縣福興鄉西勢村西勢街34-38號
care,CARE_150,三和社區發展協會,彰化縣福興鄉三和村南興街66-8號
care,CARE_151,廟埕廈粘社區發展協會,彰化縣福興鄉廈粘村廈粘街60-5號
care,CARE_152,廟埕鎮平社區發展協會,彰化縣福興鄉鎮平村阿力街22號
care,CARE_153,永豐社區發展協會,彰化縣福興鄉番社村番花路二段558號
care,CARE_154,協會會所中華民國众益書坊學會,彰化縣福興鄉社尾村浮景巷6-12號
care,CARE_155,教會萬豐社區發展協會,彰化縣福興鄉萬豐村萬豐巷12號
care,CARE_156,後寮社區發展協會,彰化縣芳苑鄉後寮村4鄰寮北巷5號
care,CARE_157,漢寶社區發展協會,彰化縣芳苑鄉漢寶村成功一路45號
care,CARE_158,新生社區發展協會據點地址：週一至週四-,彰化縣芳苑鄉草漢路草二段228巷7號
care,CARE_159,崙腳社區發展協會,彰化縣芳苑鄉崙腳村中正路33號
care,CARE_160,草湖社區發展協會,彰化縣芳苑鄉草湖村二溪路草二段319號
care,CARE_161,永興社區發展協會,彰化縣芳苑鄉永興村太平路218號
care,CARE_162,三合社區發展協會,彰化縣芳苑鄉三合村斗苑路三合段238巷86號
care,CARE_163,財團法人台灣基督長老教會彰化中會（芳苑教會）,彰化縣芳苑鄉仁愛村斗苑路245號
care,CARE_164,王功社區發展協會,彰化縣芳苑鄉王功村育嬰巷1號
care,CARE_165,博愛社區發展協會,彰化縣芳苑鄉博愛村北頭巷6號
care,CARE_166,建平社區發展協會,彰化縣芳苑鄉建平村新興巷33號
care,CARE_167,五俊社區發展協會,彰化縣芳苑鄉五俊村新生巷5號
care,CARE_168,仁愛社區發展協會,彰化縣芳苑鄉仁愛村中央路38號
care,CARE_169,廟前廣場新街社區發展協會,彰化縣芳苑鄉新街村新東路20號
care,CARE_170,芳苑社區發展協會無健促服務,彰化縣芳苑鄉斗苑路芳苑段230號
care,CARE_171,廟前廣場信義社區發展協會,彰化縣芳苑鄉信義村芳新路76號
care,CARE_172,頂廍社區發展協會,彰化縣芳苑鄉頂廍村北平巷8號
care,CARE_173,興仁社區發展協會,彰化縣芳苑鄉興仁村97巷11號
care,CARE_174,頂庄社區發展協會,彰化縣大城鄉頂庄村東厝路70號
care,CARE_175,東港社區發展協會,彰化縣大城鄉東港村中央路2號
care,CARE_176,潭墘社區發展協會,彰化縣大城鄉潭墘村潭城路1號
care,CARE_177,台灣弱勢族群就業促進協會-大城東城村,彰化縣大城鄉東城村大安路40-1號
care,CARE_178,台灣弱勢族群就業促進協會-大城上山村據點1：,彰化縣大城鄉上山村大山路2號之1
care,CARE_179,尤仕社區發展協會,彰化縣大城鄉天惠路40-2號
care,CARE_177b,彰化縣樂城社會福利協會-公館村,彰化縣大城鄉公館村廟口路1號
care,CARE_181,進芬社區發展協會,彰化縣芬園鄉進芬村中華路9號
care,CARE_182,德興社區發展協會,彰化縣芬園鄉舊社村德興路1段651號
care,CARE_183,寶山社區發展協會,彰化縣芬園鄉圳墘村碧園路1段403號
care,CARE_184,社口社區發展協會,彰化縣芬園鄉社口村忠孝路27號
care,CARE_185,竹林社區發展協會,彰化縣芬園鄉竹林村太平路77巷12號
care,CARE_186,溪頭社區發展協會,彰化縣芬園鄉溪頭村碧園路1段23號
care,CARE_187,縣庄社區發展協會,彰化縣芬園鄉縣庄村彰南路二段385巷21號
care,CARE_188,舊社社區發展協會（僅請領1個據點經費）,彰化縣芬園鄉舊社村彰南路五段2巷41號
care,CARE_189,中崙社區發展協會(僅請領1個據點經費)無健促服務,彰化縣芬園鄉中崙村大彰路二段934巷11號
care,CARE_190,理事長家彰化縣觀光農業文創社會福利協會,彰化縣芬園鄉嘉興村芬草路1段83號
care,CARE_191,茄荖社區發展協會,彰化縣芬園鄉嘉興村芬草路一段93巷126號
care,CARE_192,芬園社區發展協會據點地址：,彰化縣芬園鄉社口村南妙街74號
care,CARE_193,（國有地）嘉東社區發展協會,彰化縣芬園鄉嘉興村嘉東街845巷26號
care,CARE_194,大竹社區發展協會,彰化縣芬園鄉大竹村大彰路一段345巷臨67號
care,CARE_195,嘉北社區發展協會,彰化縣芬園鄉茄荖村慶功街211巷48號
care,CARE_196,源潭社區發展協會(承天宮),彰化縣員林市源潭里三潭巷27-1號
care,CARE_197,會館社團法人彰化縣家樂福人文生活關懷協進會,彰化縣員林市中正里林森路231巷30號
care,CARE_198,崙雅社區發展協會,彰化縣員林市崙雅里員水路一段449巷47號
care,CARE_199,鎮興社區發展協會,彰化縣員林市鎮興里山腳路3段2巷150號
care,CARE_200,靈糧堂愛加倍社區服務協會,彰化縣員林市三義路105號
care,CARE_201,新生社區發展協會,彰化縣員林市新生里雙景街50號
care,CARE_202,中央社區發展協會,彰化縣員林市中央路115巷170號
care,CARE_203,大饒社區發展協會,彰化縣員林市大饒里員集路二段244巷119號
care,CARE_204,靜思堂財團法人中華民國佛教慈濟慈善事業基金會(,彰化縣員林市浮圳里員東路一段465號
care,CARE_205,會館社團法人愛心協會,彰化縣員林市中正里三民東街25號
care,CARE_206,民生社區發展協會,彰化縣員林市民生里四平街19巷7號
care,CARE_207,萬年社區發展協會,彰化縣員林市萬年里萬年巷8號
care,CARE_208,會館財團法人福智慈善基金會(,彰化縣員林市新興里育英路85號
care,CARE_209,大明社區發展協會,彰化縣員林市大明里大饒路803巷21號
care,CARE_210,南東社區發展協會,彰化縣員林市南東里員東路一段68巷87號
care,CARE_211,十七份社區發展協會,彰化縣員林市三多里興華街21號
care,CARE_212,大峰社區發展協會,彰化縣員林市大峰里大峰巷326弄1號
care,CARE_213,出水社區發展協會,彰化縣員林市出水里（巷）18-1號
care,CARE_214,浮圳社區發展協會,彰化縣員林市浮圳巷8-15號
care,CARE_215,溝皂社區發展協會,彰化縣員林市溝皂里溝皂八街28號
care,CARE_216,教會社團法人彰化縣彰化中會關懷協會和平教會,彰化縣員林市新興里和平街15-1號
care,CARE_217,南興社區發展協會,彰化縣員林市源泉路78-100號
care,CARE_218,惠來社區發展會,彰化縣員林市中山南路一六七巷一五弄22號
care,CARE_219,三和社區發展協會,彰化縣員林市和平東街61號
care,CARE_220,三義社區發展協會,彰化縣員林市員鹿路245巷112號
care,CARE_221,埤斗社區發展協會,彰化縣社頭鄉埤斗村山腳路一段178號
care,CARE_222,福竹社區發展協會,彰化縣社頭鄉松竹村社石路979-1號
care,CARE_223,張厝社區發展協會,彰化縣社頭鄉張厝村張厝一巷30號
care,CARE_224,湳底社區發展協會,彰化縣社頭鄉湳底村湳底一巷475號
care,CARE_225,仁和社區發展協會,彰化縣社頭鄉山腳路三段128號
care,CARE_226,舊社社區發展協會,彰化縣社頭鄉清水岩路219號
care,CARE_227,美雅社區發展協會,彰化縣社頭鄉美雅村民生路371號
care,CARE_228,(租賃)社頭社區發展協會,彰化縣社頭鄉社頭村員集路二段372號
care,CARE_229,租善德禪寺彰化縣山腳文化慈愛關懷協會,彰化縣社頭鄉泰安村石坑二巷14號
care,CARE_230,瓦中社區發展協會,彰化縣埔心鄉瓦中村明聖路4段172號
care,CARE_231,大華社區發展協會,彰化縣埔心鄉大華村大明路202號
care,CARE_232,村V仁里社區發展協會,彰化縣埔心鄉仁里村仁聖路171號
care,CARE_233,村長家羅厝社區發展協會,彰化縣埔心鄉羅厝村羅厝路二段138號
care,CARE_234,埤腳社區發展協會,彰化縣埔心鄉埤腳村菜寮路136巷31號
care,CARE_235,埤霞社區發展協會,彰化縣埔心鄉埤霞村五通北路23號
care,CARE_236,福興社區發展協會,彰化縣永靖鄉福興村中肚巷52號
care,CARE_237,靜思堂會館財團法人中華民國佛教慈濟慈善事業基金會（,彰化縣永靖鄉瑚璉村5鄰中山路二段428號
care,CARE_238,五汴社區發展協會,彰化縣永靖鄉五汴村五汴巷1號
care,CARE_239,光雲社區發展協會,彰化縣永靖鄉光雲村意善巷79號
care,CARE_240,湳港社區發展協會,彰化縣永靖鄉湳港村永社路186號
care,CARE_241,彰化縣承恩社區服務關懷協會,彰化縣永靖鄉永西村瑚璉路245巷7號
care,CARE_242,四芳社區發展協會,彰化縣永靖鄉四芳村四湳路55-1號
care,CARE_243,無償使用廟宇瑚璉社區發展協會,彰化縣永靖鄉瑚璉村錫壽路3號
care,CARE_244,竹子社區發展協會,彰化縣永靖鄉竹子村竹中巷41號
care,CARE_245,之活動中心汴頭社區發展協會,彰化縣溪湖鎮福德路261巷30號
care,CARE_246,大突社區發展協會,彰化縣溪湖鎮大突里大突巷70號
care,CARE_247,西勢社區發展協會,彰化縣溪湖鎮西勢里西安路117巷36號
care,CARE_248,財團法人弘道老人福利基金會（憶智樂活之家),彰化縣溪湖鎮湖東里興學街75號2樓
care,CARE_249,田中社區發展協會,彰化縣溪湖鎮田中里二溪路1段695巷125弄59號
care,CARE_250,中山社區發展協會,彰化縣溪湖鎮大溪路一段466巷53號
care,CARE_251,西寮社區發展協會,彰化縣溪湖鎮員鹿路4段269-1號
care,CARE_252,忠覺社區發展協會,彰化縣溪湖鎮崙子腳路8鄰94號
care,CARE_253,湳底社區發展協會,彰化縣溪湖鎮媽厝里湳底路臨27-1號
care,CARE_254,福智基金會溪湖站,彰化縣溪湖鎮湖東里英山街71號1樓
care,CARE_255,溪湖糖廠全家3樓大竹社區發展協會,彰化縣溪湖鎮大竹里彰水路二段745號3樓(全家樓上3樓
care,CARE_256,大庭社區發展協會,彰化縣溪湖鎮大庭里崙子腳路35-1號
care,CARE_257,溪湖鎮果菜市場公司2樓會議室湖東社區發展協會,彰化縣溪湖鎮長青街22號2樓
care,CARE_258,中竹社區發展協會,彰化縣溪湖鎮竹福路181號
care,CARE_259,彰化縣溪湖鎮藝文館後棟研習教室光華社區發展協會,彰化縣溪湖鎮員鹿路三段245號
care,CARE_260,彰化縣溪湖鎮東溪里肇霖宮福德寺暨巫厝社區聯合活動中心巫厝社區發展協會,彰化縣溪湖鎮東溪里石鵝路臨121號
care,CARE_261,是河東社區發展協會,彰化縣溪湖鎮河東里河東路281號
care,CARE_262,媽厝社區發展協會,彰化縣溪湖鎮媽厝里湳底路88號
care,CARE_263,太平社區發展協會,彰化縣埔鹽鄉太平村番金路58號
care,CARE_264,大有社區發展協會,彰化縣埔鹽鄉大有村員鹿路3段68之1號
care,CARE_265,打廉社區發展協會,彰化縣埔鹽鄉打廉村埔打路19-15號
care,CARE_266,永樂社區發展協會,彰化縣埔鹽鄉永樂村永樂路435號
care,CARE_267,三省社區發展協會,彰化縣埔鹽鄉三省村好金路2巷5-1號
care,CARE_268,廍子社區發展協會,彰化縣埔鹽鄉廍子村光明路一段101號
care,CARE_269,西湖社區發展協會,彰化縣埔鹽鄉西湖村大新路2巷22-6號
care,CARE_270,天盛社區發展協會,彰化縣埔鹽鄉番金路67-5號
care,CARE_271,瓦磘社區發展協會,彰化縣埔鹽鄉瓦磘村光明路2段60之1號
care,CARE_272,石埤社區發展協會,彰化縣埔鹽鄉石埤村番金路2巷臨12號
care,CARE_273,埔鹽社區發展協會,彰化縣埔鹽鄉埔鹽村中正路120號
care,CARE_274,角樹社區發展協會,彰化縣埔鹽鄉角樹村(日月池)員鹿路一段53號
care,CARE_275,永平社區發展協會,彰化縣埔鹽鄉永平村員鹿路3段227-2號
care,CARE_276,老人會館埔南社區發展協會,彰化縣埔鹽鄉埔南村彰水路1段340巷32號
care,CARE_277,中和社區發展協會,彰化縣北斗鎮中和里中圳路305號
care,CARE_278,縣府公有土地建築物文昌社區發展協會,彰化縣北斗鎮文昌里復興路300號
care,CARE_279,居仁社區發展協會,彰化縣北斗鎮居仁里宮後二巷11號
care,CARE_280,七星社區發展協會,彰化縣北斗鎮七星里神農路2-3號
care,CARE_281,新生社區發展協會原活動中心重建中臨時據點：,彰化縣北斗鎮新生里興農路二段105號
care,CARE_282,中寮社區發展協會,彰化縣北斗鎮中寮里中央路30巷31號
care,CARE_283,西德社區發展協會,彰化縣北斗鎮舜耕路27之4號
care,CARE_284,東光社區發展協會,彰化縣北斗鎮東光里東斗路1-13號
care,CARE_285,螺陽社區發展協會,彰化縣北斗鎮西安里復興路862巷7號
care,CARE_286,中和社區發展協會,彰化縣埤頭鄉中和村廟前路68號
care,CARE_287,平原社區發展協會,彰化縣埤頭鄉平原村平原路170號
care,CARE_288,庄內社區發展協會,彰化縣埤頭鄉庄內村光明路292號
care,CARE_289,新庄社區發展協會,彰化縣埤頭鄉新庄村光華路124號
care,CARE_290,崙腳社區發展協會,彰化縣埤頭鄉崙腳村和平路271巷12號
care,CARE_291,豐崙社區發展協會,彰化縣埤頭鄉豐崙村校前路128號
care,CARE_292,竹圍社區發展協會,彰化縣埤頭鄉竹圍村竹圍路187號
care,CARE_293,陸嘉社區發展協會,彰化縣埤頭鄉陸嘉村中華路434號
care,CARE_294,中華電信土地之建築物溪厝社區發展協會,彰化縣溪州鄉溪厝村中山路2段357號
care,CARE_295,廟埕大庄社區發展協會,彰化縣溪州鄉大庄村東橫巷2-1號
care,CARE_296,（5年）潮洋社區發展協會,彰化縣溪州鄉民生路一段55號
care,CARE_297,之活動中心三圳社區發展協會,彰化縣溪州鄉三圳村庄內巷42號
care,CARE_298,成功社區發展協會,彰化縣溪州鄉登山路二段350號
care,CARE_299,榮光社區發展協會,彰化縣溪州鄉榮光村政民路27-2號
care,CARE_300,無償私宅彰化縣長青樂活關懷協會,彰化縣溪州鄉瓦厝村長安巷3-1號
care,CARE_301,無償私宅舊眉社區發展協會,彰化縣溪州鄉舊眉村林厝巷70號
care,CARE_302,東州社區發展協會,彰化縣溪州鄉東州村保安路16號
care,CARE_303,柑園社區發展協會,彰化縣溪州鄉柑園村面前巷50號
care,CARE_304,有償私宅張厝社區發展協會,彰化縣溪州鄉張厝村民生路一段246號
care,CARE_305,菜公社區發展協會,彰化縣溪州鄉菜公村民生路二段154號
care,CARE_306,土庫社區發展協會公文：,彰化縣溪州鄉菜公村竹圍西巷2號之2
care,CARE_307,竹塘社區發展協會,彰化縣竹塘鄉竹塘街28巷67號
care,CARE_308,無償使用小西社區發展協會,彰化縣竹塘鄉小西村竹西路122號
care,CARE_309,長安社區發展協會,彰化縣竹塘鄉東陽路2段150-18號
care,CARE_310,新廣社區發展協會,彰化縣竹塘鄉新廣村光明路廣福巷57號
care,CARE_311,田頭社區發展協會,彰化縣竹塘鄉田頭村光明路竹田巷74號
care,CARE_312,民靖社區發展協會,彰化縣竹塘鄉民靖村成功路85號
care,CARE_313,溪墘社區發展協會,彰化縣竹塘鄉彰175鄉道21號
care,CARE_314,樹腳社區發展協會據點1：,彰化縣竹塘鄉樹腳村竹林路1段大新巷42號
care,CARE_315,華崙社區發展協會,彰化縣二林鎮華崙里光復路37號
care,CARE_316,西庄社區發展協會,彰化縣二林鎮同安巷80-1號
care,CARE_317,西斗社區發展協會,彰化縣二林鎮西斗里再發路45-1號
care,CARE_318,趙甲社區發展協會,彰化縣二林鎮趙甲里鎮平巷21-9號
care,CARE_319,梅芳社區發展協會,彰化縣二林鎮梅芳里太平路四段臨69號
care,CARE_320,教會內財團法人天主教會台中教區（二林天主堂）,彰化縣二林鎮東和里中山路2號
care,CARE_321,原斗社區發展協會據點1：,彰化縣二林鎮斗苑路一段865號
care,CARE_322,中西社區發展協會,彰化縣二林鎮中西里中三路1號
care,CARE_323,興華社區發展協會,彰化縣二林鎮興華里中農路20號
care,CARE_324,東興社區發展協會,彰化縣二林鎮福建巷45-1號
care,CARE_325,復豐社區發展協會,彰化縣二林鎮復豐里𥕟磘巷17號
care,CARE_326,溝頭社區發展協會,彰化縣二林鎮廣興里溝頭巷51號
care,CARE_327,香田社區發展協會,彰化縣二林鎮香田里儒林路10之1號
care,CARE_328,東勢社區發展協會,彰化縣二林鎮面前巷2-20號
care,CARE_329,頂潭社區發展協會據點2週五：,彰化縣二林鎮東勢里東勢巷9號
care,CARE_330,新民社區發展協會526,彰化縣二林鎮東勢里中路巷5號
care,CARE_331,舊街社區發展協會,彰化縣田中鎮沙崙路281號
care,CARE_332,國軍退除官兵輔導委員會彰化榮譽國民之家,彰化縣田中鎮中2段421號
care,CARE_333,大崙社區發展協會,彰化縣田中鎮大崙里大安路二段320號
care,CARE_334,財團法人中華民國佛教慈濟慈善事業基金會-,彰化縣田中鎮員集路一段854號
care,CARE_335,會址內台灣家庭關懷成長協會,彰化縣田中鎮頂潭里員集路三段518巷6號
care,CARE_336,東興社區發展協會,彰化縣田中鎮山腳路四段160號
care,CARE_337,碧峰社區發展協會,彰化縣田中鎮中二段509號
care,CARE_338,中潭社區發展協會,彰化縣田中鎮中潭里員集路三段125巷255號
care,CARE_339,復興社區發展協會,彰化縣田中鎮山腳路三段499巷45號
care,CARE_340,太平社區發展協會,彰化縣田中鎮平和里山腳路五段246號
care,CARE_341,新庄社區發展協會,彰化縣田中鎮新庄里中山街134號
care,CARE_342,幼兒園場域財團法人天主教聖心基金會（聖心修女會）,彰化縣田中鎮中潭里員集路三段125巷54號
care,CARE_343,西路社區發展協會,彰化縣田中鎮西路里長順巷8號
care,CARE_344,靈糧堂社團法人彰化縣愛鄰社會福利協會,彰化縣田中鎮東路里南北街80號4樓
care,CARE_345,台鐵用地北路社區發展協會,彰化縣田中鎮北路里中山街359巷33號
care,CARE_346,會址內財團法人切膚之愛社會福利慈善事業基金會,彰化縣田中鎮復興路788號
care,CARE_347,大社社區發展協會,彰化縣田中鎮大社路三段316巷60號
care,CARE_348,溪畔社區發展協會據點：,彰化縣田中鎮大社里大社路二段649號
care,CARE_349,新生社區發展協會,彰化縣田尾鄉新生村延平路150號
care,CARE_350,南鎮社區發展協會,彰化縣田尾鄉平和路一段140號
care,CARE_351,北鎮社區發展協會,彰化縣田尾鄉北鎮村平和路二段151號
care,CARE_352,田尾社區發展協會,彰化縣田尾鄉光復路3段538巷1號
care,CARE_353,社區長壽俱樂部北曾社區發展協會,彰化縣田尾鄉北曾村福德巷359號
care,CARE_354,(私人)新興社區發展協會,彰化縣田尾鄉新興村新興路280號
care,CARE_355,村V仁里社區發展協會,彰化縣田尾鄉仁里村中正路二段103巷9號
care,CARE_356,溪頂社區發展協會,彰化縣田尾鄉溪頂村三溪路一段209號
care,CARE_357,打簾社區發展協會,彰化縣田尾鄉民生路一段245號
care,CARE_358,豐田社區發展協會,彰化縣田尾鄉光復路四段161號
care,CARE_359,正義社區發展協會,彰化縣田尾鄉正義村中正路一段233號
care,CARE_360,(私人)睦宜社區發展協會,彰化縣田尾鄉睦宜村聖德巷162號
care,CARE_361,新厝社區發展協會,彰化縣田尾鄉新厝村光明巷54號
care,CARE_362,(私人)饒平社區發展協會,彰化縣田尾鄉饒平村東平巷143號
care,CARE_363,陸豐社區發展協會,彰化縣田尾鄉陸豐村陸豐路48號
care,CARE_364,(私人)福田社區發展協會,彰化縣田尾鄉福田村光復路1段98巷19號
care,CARE_365,柳鳳社區發展協會,彰化縣田尾鄉柳鳳村民生路二段338號
care,CARE_366,合興社區發展協會,彰化縣二水鄉合興村英義路12巷46號
care,CARE_367,合和社區發展協會,彰化縣二水鄉合和村番田二巷17號
care,CARE_368,倡和社區發展協會活動中心耐震補強,彰化縣二水鄉倡和村倡和路41-1號
care,CARE_369,源泉社區發展協會,彰化縣二水鄉月眉巷1-1號
care,CARE_370,大園社區發展協會,彰化縣二水鄉大園村大園巷11-9號
care,CARE_371,財團法人天主教會台中教區（二水天主堂）,彰化縣二水鄉文化村員集路三段452號
care,CARE_372,復興社區發展協會,彰化縣二水鄉復興村員集路5段472號
care,CARE_373,惠民社區發展協會,彰化縣二水鄉惠民村山腳路一段223巷42弄32-1號
care,CARE_374,十五社區發展協會,彰化縣二水鄉十五村十五路33-1號
care,CARE_375,災民收容所聖化社區發展協會,彰化縣二水鄉聖化村溪邊巷72號
care,CARE_376,修仁社區發展協會,彰化縣二水鄉修仁村修仁路27-3號
care,CARE_377,廟埕裕民社區發展協會,彰化縣二水鄉裕民村過溪巷90號
assoc,CASSOC_001,線西社區發展協會,彰化縣線西鄉線西村中央路二段536巷31號
assoc,CASSOC_002,下犁社區發展協會,彰化縣線西鄉下犁村下犁路139-1號
assoc,CASSOC_003,德興社區發展協會,彰化縣線西鄉德興村線東路二段447號
assoc,CASSOC_004,溝內社區發展協會,彰化縣線西鄉線西鄉溝內村溝內路113-1號
assoc,CASSOC_005,寓埔社區發展協會,彰化縣線西鄉寓埔村寓埔路177-1號
assoc,CASSOC_006,塭仔社區發展協會,彰化縣線西鄉塭仔村塭仔路141號
assoc,CASSOC_007,頂犁社區發展協會,彰化縣線西鄉頂犁村頂犁路48-1號
assoc,CASSOC_008,頂庄社區發展協會,彰化縣線西鄉線西鄉頂庄村沿海路二段334巷32號
assoc,CASSOC_009,福興社區發展協會,彰化縣福興鄉福興村50-1號
assoc,CASSOC_010,福南社區發展協會,彰化縣福興鄉福興鄉福興村福興路51巷6號
assoc,CASSOC_011,福寶社區發展協會,彰化縣福興鄉福寶村新生路24-10號
assoc,CASSOC_012,二港社區發展協會,彰化縣福興鄉二港村福正路21巷13-33號
assoc,CASSOC_013,頂粘社區發展協會,彰化縣福興鄉頂粘村305號
assoc,CASSOC_014,麥厝社區發展協會,彰化縣福興鄉麥厝村沿海路一段678號
assoc,CASSOC_015,秀厝社區發展協會,彰化縣福興鄉秀厝二街147號
assoc,CASSOC_016,同安社區發展協會,彰化縣福興鄉福興鄉同安村33-7號
assoc,CASSOC_017,西勢社區發展協會,彰化縣福興鄉西勢街18-4號
assoc,CASSOC_018,橋頭社區發展協會,彰化縣福興鄉橋頭村彰鹿路七段330巷127弄26號
assoc,CASSOC_019,番婆社區發展協會,彰化縣福興鄉番婆村番婆街16-1號
assoc,CASSOC_020,社尾社區發展協會,彰化縣福興鄉社尾村浮景巷9-12號
assoc,CASSOC_021,番社社區發展協會,彰化縣福興鄉番社村番社街17號
assoc,CASSOC_022,元中社區發展協會,彰化縣福興鄉橫圳巷10-18號
assoc,CASSOC_023,外中社區發展協會,彰化縣福興鄉外中村外中街50號
assoc,CASSOC_024,大崙社區發展協會,彰化縣福興鄉大崙村大崙街31-5號
assoc,CASSOC_025,外埔社區發展協會,彰化縣福興鄉外埔村復興路16-1號
assoc,CASSOC_026,萬豐社區發展協會,彰化縣福興鄉福興鄉萬豐村萬豐巷14-36號
assoc,CASSOC_027,廈粘社區發展協會,彰化縣福興鄉福興鄉廈粘村廈粘街8號
assoc,CASSOC_028,三汴社區發展協會,彰化縣福興鄉三汴村彰水路346巷47號
assoc,CASSOC_029,鎮平社區發展協會,彰化縣福興鄉福興鄉鎮平村鎮平街14-1號
assoc,CASSOC_030,三和社區發展協會,彰化縣福興鄉三和村南興街66-8號
assoc,CASSOC_031,永豐社區發展協會,彰化縣福興鄉福興鄉番社村番花路2段558號
assoc,CASSOC_032,三村社區發展協會,彰化縣彰化市彰化市三村里三村路836巷57號
assoc,CASSOC_033,中正社區發展協會,彰化縣彰化市同上
assoc,CASSOC_034,田中社區發展協會,彰化縣彰化市同上
assoc,CASSOC_035,永生社區發展協會,彰化縣彰化市永樂街57巷15號
assoc,CASSOC_037,國聖社區發展協會,彰化縣彰化市國聖里175巷139號
assoc,CASSOC_038,寶廍社區發展協會,彰化縣彰化市寶廍里寶廍路139號
assoc,CASSOC_039,茄苳社區發展協會,彰化縣彰化市茄苳里茄苳莊45-10號
assoc,CASSOC_040,快官社區發展協會,彰化縣彰化市快官里彰南路4段566號之1
assoc,CASSOC_041,牛埔社區發展協會,彰化縣彰化市牛埔里彰南路3段234巷22號
assoc,CASSOC_042,大竹社區發展協會,彰化縣彰化市大竹里40-1號
assoc,CASSOC_043,香山社區發展協會,彰化縣彰化市香山里彰南路2段618巷11號
assoc,CASSOC_044,福山社區發展協會,彰化縣彰化市福山里福山街168號(公文寄送地)
assoc,CASSOC_045,泰和社區發展協會,彰化縣彰化市古夷里泰和路3段364號
assoc,CASSOC_046,福田社區發展協會,彰化縣彰化市彰化市快官里彰南路5段8號
assoc,CASSOC_048,台鳳社區發展協會,彰化縣彰化市彰化市台鳳里一德南路225號
assoc,CASSOC_049,石牌社區發展協會,彰化縣彰化市彰化市石牌里石牌路1段192巷3號
assoc,CASSOC_051,阿夷社區發展協會,彰化縣彰化市阿夷里泰和路2段211之1號
assoc,CASSOC_052,復興社區發展協會,彰化縣彰化市彰化市竹和路176-1號
assoc,CASSOC_053,茄南社區發展協會,彰化縣彰化市茄南里金馬路二段260號
assoc,CASSOC_054,竹巷社區發展協會,彰化縣彰化市彰化市竹巷里彰南路5段8號
assoc,CASSOC_055,卦山社區發展協會,彰化縣彰化市彰化市旭光路39號3樓
assoc,CASSOC_056,下廍社區發展協會,彰化縣彰化市下廍里泰安二街115號
assoc,CASSOC_057,新華社區發展協會,彰化縣彰化市彰化市新興里彰新路1段117號
assoc,CASSOC_058,安溪社區發展協會,彰化縣彰化市彰化市安溪里安溪路81巷5號
assoc,CASSOC_059,文化社區發展協會,彰化縣彰化市彰化市長壽街14號
assoc,CASSOC_060,新興社區發展協會,彰化縣彰化市彰化市新興里彰新路1段117號
assoc,CASSOC_061,民生社區發展協會,彰化縣彰化市彰化市陽明街1號
assoc,CASSOC_062,萬安社區發展協會,彰化縣彰化市萬安里建國南路42-1號
assoc,CASSOC_063,興北社區發展協會,彰化縣彰化市無
assoc,CASSOC_064,光復社區發展協會,彰化縣彰化市民生路281-5號
assoc,CASSOC_065,中山社區發展協會,彰化縣彰化市無
assoc,CASSOC_067,信義社區發展協會,彰化縣彰化市民生路279-3號
assoc,CASSOC_070,新興華社區發展協會,彰化縣彰化市彰化市新興里永安街336號
assoc,CASSOC_071,陽明社區發展協會,彰化縣彰化市三民路436號
assoc,CASSOC_073,南美社區發展協會,彰化縣彰化市社區自行興建
assoc,CASSOC_074,平和社區發展協會,彰化縣彰化市彰化市平安街64巷12號
assoc,CASSOC_075,永興社區發展協會,彰化縣彰化市磚瑤里彰南路443巷44弄15號
assoc,CASSOC_076,永芳社區發展協會,彰化縣彰化市東芳里永芳路468號
assoc,CASSOC_077,莿桐社區發展協會,彰化縣彰化市莿桐里彰水路53巷8號
assoc,CASSOC_078,西興社區發展協會,彰化縣彰化市中華西路21-1號
assoc,CASSOC_080,西勢社區發展協會,彰化縣彰化市彰化市西勢里忠誠路1號
assoc,CASSOC_081,忠權社區發展協會,彰化縣彰化市彰化市忠權里自立街155號
assoc,CASSOC_082,南安社區發展協會,彰化縣彰化市彰化市南安里彰鹿路120巷147弄18號
assoc,CASSOC_083,民權社區發展協會,彰化縣彰化市民權路155號(民權市場地下室1樓)
assoc,CASSOC_086,崙平社區發展協會,彰化縣彰化市平和里38號之1
assoc,CASSOC_087,向陽社區發展協會,彰化縣彰化市向陽里崙平南路39號
assoc,CASSOC_088,長樂社區發展協會,彰化縣彰化市彰化市長樂里和平路173號
assoc,CASSOC_089,富貴社區發展協會,彰化縣彰化市民權路155號(民權市場地下室1樓)
assoc,CASSOC_090,桃源社區發展協會,彰化縣彰化市桃源里公園路2段102之1號
assoc,CASSOC_091,延平社區發展協會,彰化縣彰化市延平里文心街55號
assoc,CASSOC_092,延和社區發展協會,彰化縣彰化市延和里埔西街111號
assoc,CASSOC_093,華陽社區發展協會,彰化縣彰化市彰化市旭光路39號3樓
assoc,CASSOC_094,光南社區發展協會,彰化縣彰化市彰化市旭光路39號3樓
assoc,CASSOC_095,介壽社區發展協會,彰化縣彰化市介壽里介壽新村21號99年建物
assoc,CASSOC_096,南興社區發展協會,彰化縣彰化市南興里中山路一段189巷49號
assoc,CASSOC_097,福安社區發展協會,彰化縣彰化市無
assoc,CASSOC_098,西安社區發展協會,彰化縣彰化市民族路369號
assoc,CASSOC_099,彰安社區發展協會,彰化縣彰化市彰化市仁愛路102巷118號(彰安宮3樓)
assoc,CASSOC_100,成功社區發展協會,彰化縣彰化市成功里旭光西路39號
assoc,CASSOC_101,南瑤社區發展協會,彰化縣彰化市中正路二段675巷33號
assoc,CASSOC_103,建寶社區發展協會,彰化縣彰化市建寶里介壽南路69巷6號
assoc,CASSOC_104,東興社區發展協會,彰化縣彰化市彰化市旭光路39號3樓
assoc,CASSOC_105,華北社區發展協會,彰化縣彰化市彰化市旭光路39號3樓
assoc,CASSOC_106,中央社區發展協會,彰化縣彰化市民權路155號(民權市場地下室1樓)
assoc,CASSOC_109,忠覺社區發展協會,彰化縣溪湖鎮溪湖鎮忠覺里崙子腳路94號
assoc,CASSOC_110,湖東社區發展協會,彰化縣溪湖鎮溪湖鎮湖東里員鹿路二段559號
assoc,CASSOC_115,湳底社區發展協會,彰化縣溪湖鎮湳底路27-2號
assoc,CASSOC_116,西勢社區發展協會,彰化縣溪湖鎮西勢里西安路117巷26號
assoc,CASSOC_117,河東社區發展協會,彰化縣溪湖鎮河東路281號
assoc,CASSOC_118,大突社區發展協會,彰化縣溪湖鎮溪湖鎮大突里二溪路大突巷10之50號
assoc,CASSOC_120,汴頭社區發展協會,彰化縣溪湖鎮溪湖鎮汴頭里福德路261巷32號
assoc,CASSOC_121,中竹社區發展協會,彰化縣溪湖鎮竹福路181號
assoc,CASSOC_124,西溪社區發展協會,彰化縣溪湖鎮西溪里員鹿路後溪巷49號
assoc,CASSOC_127,中山社區發展協會,彰化縣溪湖鎮中山里大溪路一段466巷53號
assoc,CASSOC_128,北勢社區發展協會,彰化縣溪湖鎮二溪路2段北勢2巷37號
assoc,CASSOC_129,田中社區發展協會,彰化縣溪湖鎮田中里田中巷216號
assoc,CASSOC_130,媽厝社區發展協會,彰化縣溪湖鎮湳底路102-1號
assoc,CASSOC_132,三條社區發展協會,彰化縣溪州鄉三條村九甲一巷4號
assoc,CASSOC_135,舊眉社區發展協會,彰化縣溪州鄉舊眉村登山路四段27號
assoc,CASSOC_137,溪厝社區發展協會,彰化縣溪州鄉溪厝村中和路79號
assoc,CASSOC_138,坑厝社區發展協會,彰化縣溪州鄉溪厝村中和路79號
assoc,CASSOC_139,東州社區發展協會,彰化縣溪州鄉東州村保安路16號
assoc,CASSOC_140,大庄社區發展協會,彰化縣溪州鄉大庄村中橫巷1號
assoc,CASSOC_141,菜公社區發展協會,彰化縣溪州鄉菜公村民生路二段154號
assoc,CASSOC_144,張厝社區發展協會,彰化縣溪州鄉張厝村民生路1段295巷12號
assoc,CASSOC_146,榮光社區發展協會,彰化縣溪州鄉榮光村政民路27-2號
assoc,CASSOC_148,圳寮社區發展協會,彰化縣溪州鄉圳寮村下樹巷29號
assoc,CASSOC_151,草中社區發展協會,彰化縣鹿港鎮草中里(巷)174號
assoc,CASSOC_152,草港社區發展協會,彰化縣鹿港鎮草中里慶安街65號
assoc,CASSOC_153,頭崙社區發展協會,彰化縣鹿港鎮頭崙社區活動中心
assoc,CASSOC_154,頂番社區發展協會,彰化縣鹿港鎮頂番里彰頂路326巷137號
assoc,CASSOC_155,洋厝社區發展協會,彰化縣鹿港鎮洋厝里1鄰洋厝巷42-3號
assoc,CASSOC_156,新厝社區發展協會,彰化縣鹿港鎮洋厝里新厝巷53號
assoc,CASSOC_157,溝墘社區發展協會,彰化縣鹿港鎮溝墘里棋盤巷77號
assoc,CASSOC_158,東崎社區發展協會,彰化縣鹿港鎮東崎社區活動中心(東崎7巷3號旁)
assoc,CASSOC_159,南勢社區發展協會,彰化縣鹿港鎮南勢社區活動中心
assoc,CASSOC_160,廖厝社區發展協會,彰化縣鹿港鎮廖厝里楊厝巷62-21號
assoc,CASSOC_161,山寮社區發展協會,彰化縣鹿港鎮鄧安宮廣場
assoc,CASSOC_162,山崙社區發展協會,彰化縣鹿港鎮山崙里山寮巷52號
assoc,CASSOC_163,福崙社區發展協會,彰化縣鹿港鎮鹿港鎮山崙里崙尾巷26-9號
assoc,CASSOC_164,東昇社區發展協會,彰化縣鹿港鎮東崎里打鐵厝(巷)9號
assoc,CASSOC_165,頂厝社區發展協會,彰化縣鹿港鎮頂厝里鹿興路91號
assoc,CASSOC_166,萬興社區發展協會,彰化縣鹿港鎮頂草路2段150號
assoc,CASSOC_167,菜園社區發展協會,彰化縣鹿港鎮菜園里復興南路422巷18號
assoc,CASSOC_168,學子社區發展協會,彰化縣鹿港鎮無
assoc,CASSOC_169,景福社區發展協會,彰化縣鹿港鎮景福里萬壽路244號
assoc,CASSOC_171,埔崙社區發展協會,彰化縣鹿港鎮無
assoc,CASSOC_174,富麗社區發展協會,彰化縣鹿港鎮鹿東路二段667號
assoc,CASSOC_177,興農社區發展協會,彰化縣埤頭鄉埤頭鄉興農村中興巷87號
assoc,CASSOC_179,埤頭社區發展協會,彰化縣埤頭鄉埤頭村中南路145號
assoc,CASSOC_180,豐崙社區發展協會,彰化縣埤頭鄉豐崙村校前路128號
assoc,CASSOC_181,崙子社區發展協會,彰化縣埤頭鄉崙子村崙子路11號
assoc,CASSOC_182,永豐社區發展協會,彰化縣埤頭鄉永豐村東西路421號
assoc,CASSOC_184,平原社區發展協會,彰化縣埤頭鄉平原村平原路171號
assoc,CASSOC_185,崙腳社區發展協會,彰化縣埤頭鄉崙腳村和平路271巷12號
assoc,CASSOC_186,元埔社區發展協會,彰化縣埤頭鄉元埔村文化路459巷11號
assoc,CASSOC_187,芙朝社區發展協會,彰化縣埤頭鄉芙朝村文化路829號
assoc,CASSOC_188,新庄社區發展協會,彰化縣埤頭鄉新庄村光華路124號
assoc,CASSOC_189,陸嘉社區發展協會,彰化縣埤頭鄉陸嘉村中華路434號
assoc,CASSOC_190,竹圍社區發展協會,彰化縣埤頭鄉竹圍村竹圍路187號
assoc,CASSOC_191,中和社區發展協會,彰化縣埤頭鄉中和村廟前路68號
assoc,CASSOC_192,庄內社區發展協會,彰化縣埤頭鄉庄內村光明路276號
assoc,CASSOC_193,大湖社區發展協會,彰化縣埤頭鄉大湖村大湖路260號
assoc,CASSOC_194,埔鹽社區發展協會,彰化縣埔鹽鄉無
assoc,CASSOC_195,廍子社區發展協會,彰化縣埔鹽鄉埔鹽鄉廍子村光明路1段101號
assoc,CASSOC_196,南港社區發展協會,彰化縣埔鹽鄉同會址
assoc,CASSOC_197,打廉社區發展協會,彰化縣埔鹽鄉打廉村埔打路7-7號
assoc,CASSOC_198,豐澤社區發展協會,彰化縣埔鹽鄉埔鹽鄉豐澤村埔打路臨48-28號
assoc,CASSOC_199,崑崙社區發展協會,彰化縣埔鹽鄉崑崙村彰水路48號
assoc,CASSOC_200,角樹社區發展協會,彰化縣埔鹽鄉角樹村員鹿路1段74號
assoc,CASSOC_201,好修社區發展協會,彰化縣埔鹽鄉好修村員鹿路2段97巷12-3號
assoc,CASSOC_202,西湖社區發展協會,彰化縣埔鹽鄉西湖村大新路2巷22-6號
assoc,CASSOC_203,大有社區發展協會,彰化縣埔鹽鄉埔鹽鄉大有村員鹿路三段68-1號
assoc,CASSOC_204,新興社區發展協會,彰化縣埔鹽鄉埔鹽鄉新興村員鹿路3段689號
assoc,CASSOC_205,永平社區發展協會,彰化縣埔鹽鄉永平村番金路100-29號
assoc,CASSOC_206,永樂社區發展協會,彰化縣埔鹽鄉永樂路435號
assoc,CASSOC_207,石埤社區發展協會,彰化縣埔鹽鄉石埤村番金路87-1號
assoc,CASSOC_208,天盛社區發展協會,彰化縣埔鹽鄉天盛村成功路3段286號
assoc,CASSOC_209,太平社區發展協會,彰化縣埔鹽鄉太平村番金路58號
assoc,CASSOC_210,新水社區發展協會,彰化縣埔鹽鄉新水村大新路21號
assoc,CASSOC_211,三省社區發展協會,彰化縣埔鹽鄉三省村好金路2巷5-1號
assoc,CASSOC_212,南新社區發展協會,彰化縣埔鹽鄉南新村好金路61號
assoc,CASSOC_214,瓦磘社區發展協會,彰化縣埔鹽鄉埔鹽鄉瓦嗂村光明路2段60-1號
assoc,CASSOC_218,太平社區發展協會,彰化縣埔心鄉太平村太平路170號
assoc,CASSOC_219,經口社區發展協會,彰化縣埔心鄉經口村明道路36號
assoc,CASSOC_220,瓦中社區發展協會,彰化縣埔心鄉瓦中村明聖路四段180號
assoc,CASSOC_221,瓦南社區發展協會,彰化縣埔心鄉瓦南村明聖路三段128巷3號
assoc,CASSOC_222,瓦北社區發展協會,彰化縣埔心鄉瓦北村瑤鳳路一段51號
assoc,CASSOC_223,埔心社區發展協會,彰化縣埔心鄉埔心村武英北路301號
assoc,CASSOC_224,芎蕉社區發展協會,彰化縣埔心鄉芎蕉村仁安路65巷103號
assoc,CASSOC_225,油車社區發展協會,彰化縣埔心鄉油車村瑤鳳路二段347號
assoc,CASSOC_226,大華社區發展協會,彰化縣埔心鄉大華村大明路202號
assoc,CASSOC_227,仁里社區發展協會,彰化縣埔心鄉仁里村仁聖路171號
assoc,CASSOC_228,羅厝社區發展協會,彰化縣埔心鄉羅厝村羅厝路二段138號
assoc,CASSOC_229,二重社區發展協會,彰化縣埔心鄉二重村瑤鳳路三段467號
assoc,CASSOC_230,埤霞社區發展協會,彰化縣埔心鄉埤霞村五通北路23號
assoc,CASSOC_231,梧鳳社區發展協會,彰化縣埔心鄉梧鳳村瑤鳳路四段361號
assoc,CASSOC_233,舊館社區發展協會,彰化縣埔心鄉埔心鄉舊館村興霖路233號
assoc,CASSOC_234,新舘社區發展協會,彰化縣埔心鄉新舘村新舘路87號
assoc,CASSOC_236,源潭社區發展協會,彰化縣員林市源潭里三潭巷27之1號
assoc,CASSOC_237,大埔社區發展協會,彰化縣員林市員林市員大路2段50號
assoc,CASSOC_238,中央社區發展協會,彰化縣員林市中央里中央路115巷170號
assoc,CASSOC_239,大饒社區發展協會,彰化縣員林市大饒里員集路二段244巷119號
assoc,CASSOC_240,崙雅社區發展協會,彰化縣員林市崙雅里崙雅巷一段449巷47號
assoc,CASSOC_241,出水社區發展協會,彰化縣員林市出水里出水巷18-1號
assoc,CASSOC_242,大峰社區發展協會,彰化縣員林市員林市大峰里大峰巷326弄1號
assoc,CASSOC_243,浮圳社區發展協會,彰化縣員林市浮圳里浮圳巷8之14號
assoc,CASSOC_244,西東社區發展協會,彰化縣員林市員林市西東里浮圳路一段365巷56弄36號
assoc,CASSOC_245,南東社區發展協會,彰化縣員林市山腳路四段49號
assoc,CASSOC_246,東北社區發展協會,彰化縣員林市東北里山腳路六段77巷21號
assoc,CASSOC_247,南興社區發展協會,彰化縣員林市源泉路78-100號
assoc,CASSOC_248,鎮興社區發展協會,彰化縣員林市鎮興里山腳路三段2巷150號
assoc,CASSOC_249,南平社區發展協會,彰化縣員林市南平里新生路354號
assoc,CASSOC_250,三義社區發展協會,彰化縣員林市三義里員鹿路245巷112號
assoc,CASSOC_251,新生社區發展協會,彰化縣員林市新生里雙景街50號
assoc,CASSOC_252,振興社區發展協會,彰化縣員林市山腳路二段606號
assoc,CASSOC_253,湖水社區發展協會,彰化縣員林市湖水里湖水巷26號之10
assoc,CASSOC_254,林厝社區發展協會,彰化縣員林市林厝里山腳路1段48巷57號
assoc,CASSOC_258,萬年社區發展協會,彰化縣員林市萬年里萬年巷13號
assoc,CASSOC_259,中東社區發展協會,彰化縣員林市中東里山腳路5段184巷86號
assoc,CASSOC_261,三和社區發展協會,彰化縣員林市三和里和平東街61號
assoc,CASSOC_262,大明社區發展協會,彰化縣員林市大明里大饒路803巷21號
assoc,CASSOC_266,十七份社區發展協會,彰化縣員林市員林市三多里興華街21號
assoc,CASSOC_267,惠來社區發展協會,彰化縣員林市無
assoc,CASSOC_270,大埔社區發展協會,彰化縣芬園鄉大埔村大埔路一段156號
assoc,CASSOC_271,德興社區發展協會,彰化縣芬園鄉舊社村彰南路5段451巷36號
assoc,CASSOC_272,楓坑社區發展協會,彰化縣芬園鄉楓坑村楓林街629號
assoc,CASSOC_273,竹林社區發展協會,彰化縣芬園鄉竹林村太平路77巷12號
assoc,CASSOC_274,社口社區發展協會,彰化縣芬園鄉社口村忠孝路27號
assoc,CASSOC_275,縣庄社區發展協會,彰化縣芬園鄉縣庄村彰南路二段385巷41號
assoc,CASSOC_276,溪頭社區發展協會,彰化縣芬園鄉溪頭村碧園路一段21號
assoc,CASSOC_277,同安社區發展協會,彰化縣芬園鄉同安村大彰路三段147巷13號
assoc,CASSOC_278,中崙社區發展協會,彰化縣芬園鄉中崙村大彰路3段934巷11號
assoc,CASSOC_279,大竹社區發展協會,彰化縣芬園鄉大竹村大彰路一段617號
assoc,CASSOC_280,茄荖社區發展協會,彰化縣芬園鄉芬園鄉嘉興村芬草路一段93巷126號
assoc,CASSOC_281,嘉興社區發展協會,彰化縣芬園鄉嘉興村芬草路一段93巷126號
assoc,CASSOC_282,新興社區發展協會,彰化縣芬園鄉舊社村新興路1段504號
assoc,CASSOC_283,舊社社區發展協會,彰化縣芬園鄉舊社村彰南路五段2巷20號
assoc,CASSOC_284,進芬社區發展協會,彰化縣芬園鄉進芬村中華路9號
assoc,CASSOC_285,芬園社區發展協會,彰化縣芬園鄉芬園村南妙街427號
assoc,CASSOC_286,寶山社區發展協會,彰化縣芬園鄉圳墘村碧園路二段305之1號
assoc,CASSOC_287,嘉東社區發展協會,彰化縣芬園鄉嘉興村嘉東街845巷26號
assoc,CASSOC_288,嘉北社區發展協會,彰化縣芬園鄉茄荖村慶功街211巷48號
assoc,CASSOC_289,花壇社區發展協會,彰化縣花壇鄉花壇村平和街76號
assoc,CASSOC_290,岩竹社區發展協會,彰化縣花壇鄉花壇鄉岩竹村虎山街137號
assoc,CASSOC_291,文德社區發展協會,彰化縣花壇鄉文德村宏宅街39號
assoc,CASSOC_292,橋頭社區發展協會,彰化縣花壇鄉橋頭村花橋街117-1號
assoc,CASSOC_293,白沙社區發展協會,彰化縣花壇鄉白沙村溪北街191號
assoc,CASSOC_294,永春社區發展協會,彰化縣花壇鄉無
assoc,CASSOC_295,長春社區發展協會,彰化縣花壇鄉長春村彰員路1段172巷45號
assoc,CASSOC_296,金墩社區發展協會,彰化縣花壇鄉金墩村金福街101號
assoc,CASSOC_297,中庄社區發展協會,彰化縣花壇鄉無
assoc,CASSOC_298,崙雅社區發展協會,彰化縣花壇鄉菕雅村花秀路446號
assoc,CASSOC_299,劉厝社區發展協會,彰化縣花壇鄉花壇鄉劉厝村明雅街40巷1號
assoc,CASSOC_300,長沙社區發展協會,彰化縣花壇鄉長沙村彰員路2段586-3號
assoc,CASSOC_301,南口社區發展協會,彰化縣花壇鄉南口村中山路二段369號
assoc,CASSOC_302,北口社區發展協會,彰化縣花壇鄉北口村彰花路450巷8號
assoc,CASSOC_303,中口社區發展協會,彰化縣花壇鄉無
assoc,CASSOC_304,灣東社區發展協會,彰化縣花壇鄉灣東村隴西二巷161號
assoc,CASSOC_305,灣雅社區發展協會,彰化縣花壇鄉灣雅村彰員路一段852
assoc,CASSOC_308,五俊社區發展協會,彰化縣芳苑鄉芳苑鄉芳埤段184號
assoc,CASSOC_309,新寶社區發展協會,彰化縣芳苑鄉新寶村芳漢路新寶段108-91號
assoc,CASSOC_310,崙腳社區發展協會,彰化縣芳苑鄉崙腳村中正路33號
assoc,CASSOC_311,建平社區發展協會,彰化縣芳苑鄉建平村建平段405號
assoc,CASSOC_312,王功社區發展協會,彰化縣芳苑鄉王功村功湖路王功段417巷36號
assoc,CASSOC_313,和平社區發展協會,彰化縣芳苑鄉和平村西北巷6號
assoc,CASSOC_314,興仁社區發展協會,彰化縣芳苑鄉興仁村97巷11號
assoc,CASSOC_315,永興社區發展協會,彰化縣芳苑鄉無
assoc,CASSOC_316,路平社區發展協會,彰化縣芳苑鄉路平村路平路36-42號
assoc,CASSOC_317,三合社區發展協會,彰化縣芳苑鄉芳苑鄉三合村斗苑路三合段238巷86號
assoc,CASSOC_319,新生社區發展協會,彰化縣芳苑鄉新生村草崙路15之1號
assoc,CASSOC_320,芳苑社區發展協會,彰化縣芳苑鄉芳苑村芳漢路2段179號
assoc,CASSOC_321,漢寶社區發展協會,彰化縣芳苑鄉漢寶村成功一路45號
assoc,CASSOC_322,博愛社區發展協會,彰化縣芳苑鄉博愛村芳漢路王功段458號
assoc,CASSOC_323,頂廍社區發展協會,彰化縣芳苑鄉頂廍村上林路頂部段407號
assoc,CASSOC_324,後寮社區發展協會,彰化縣芳苑鄉芳苑鄉後寮村寮北巷5號
assoc,CASSOC_325,民生社區發展協會,彰化縣芳苑鄉528彰化縣芳苑鄉民生村芳功段1232地號(無地址)2層樓
assoc,CASSOC_326,信義社區發展協會,彰化縣芳苑鄉無
assoc,CASSOC_327,仁愛社區發展協會,彰化縣芳苑鄉無
assoc,CASSOC_328,草湖社區發展協會,彰化縣芳苑鄉528彰化縣芳苑鄉芳草段420地號
assoc,CASSOC_329,路上社區發展協會,彰化縣芳苑鄉芳苑鄉路上村新厝路19號
assoc,CASSOC_330,三成社區發展協會,彰化縣芳苑鄉芳苑鄉三成村中平巷2號
assoc,CASSOC_331,福榮社區發展協會,彰化縣芳苑鄉無
assoc,CASSOC_332,廣興社區發展協會,彰化縣社頭鄉廣興村廣興巷13號
assoc,CASSOC_334,福竹社區發展協會,彰化縣社頭鄉松竹村社石路979-1號
assoc,CASSOC_336,張厝社區發展協會,彰化縣社頭鄉張厝村張厝一巷30號
assoc,CASSOC_337,埤斗社區發展協會,彰化縣社頭鄉埤斗村山腳路一段178號
assoc,CASSOC_340,泰安社區發展協會,彰化縣社頭鄉社頭鄉仁和村山腳路2段833號
assoc,CASSOC_342,平和社區發展協會,彰化縣社頭鄉平和村山腳路3段264巷5號
assoc,CASSOC_344,清水社區發展協會,彰化縣社頭鄉清水村山腳路一段466巷188號
assoc,CASSOC_346,湳底社區發展協會,彰化縣社頭鄉湳底村湳底巷261號
assoc,CASSOC_350,協和社區發展協會,彰化縣社頭鄉協和村山腳路4段252巷27號
assoc,CASSOC_351,美雅社區發展協會,彰化縣社頭鄉美雅村員集路一段710號
assoc,CASSOC_356,和西社區發展協會,彰化縣和美鎮無
assoc,CASSOC_357,詔安社區發展協會,彰化縣和美鎮詔安里彰和路二段172號
assoc,CASSOC_358,嘉犁社區發展協會,彰化縣和美鎮嘉犁里東坡路臨22號
assoc,CASSOC_359,嘉寶社區發展協會,彰化縣和美鎮和美鎮嘉寶里福北路219號
assoc,CASSOC_360,四張社區發展協會,彰化縣和美鎮四張里鎮西路74號
assoc,CASSOC_361,好修社區發展協會,彰化縣和美鎮好修里月北路400巷21號
assoc,CASSOC_362,犁盛社區發展協會,彰化縣和美鎮無
assoc,CASSOC_363,源埤社區發展協會,彰化縣和美鎮源埤里南安路105號
assoc,CASSOC_364,月眉社區發展協會,彰化縣和美鎮月眉里和厝路一段276號
assoc,CASSOC_365,竹營社區發展協會,彰化縣和美鎮竹營里和頭路237-1號
assoc,CASSOC_366,大霞社區發展協會,彰化縣和美鎮大霞里彰和路3段422號
assoc,CASSOC_367,面前社區發展協會,彰化縣和美鎮面前里雅安路265號
assoc,CASSOC_368,還社社區發展協會,彰化縣和美鎮無
assoc,CASSOC_369,糖友社區發展協會,彰化縣和美鎮糖友里糖友1街80號2樓；82號2樓
assoc,CASSOC_370,頭前社區發展協會,彰化縣和美鎮頭前里和頭路595號
assoc,CASSOC_371,新庄社區發展協會,彰化縣和美鎮新庄里東發路100巷36-1號
assoc,CASSOC_372,鎮平社區發展協會,彰化縣和美鎮鎮平里南平路11號
assoc,CASSOC_373,南佃社區發展協會,彰化縣和美鎮南佃里嘉佃路145號
assoc,CASSOC_374,雅溝社區發展協會,彰化縣和美鎮雅溝里南軒路359巷7號
assoc,CASSOC_375,鐵山社區發展協會,彰化縣和美鎮鐵山里鎮東路臨196號
assoc,CASSOC_376,柑井社區發展協會,彰化縣和美鎮柑井里柑竹路331巷21號
assoc,CASSOC_377,中寮社區發展協會,彰化縣和美鎮中寮里東興路25號
assoc,CASSOC_378,中圍社區發展協會,彰化縣和美鎮中圍里竹社路125號
assoc,CASSOC_379,塗厝社區發展協會,彰化縣和美鎮塗厝里和厝路2段485號
assoc,CASSOC_380,地潭社區發展協會,彰化縣和美鎮地潭里晉北路臨456號
assoc,CASSOC_381,湖內社區發展協會,彰化縣和美鎮湖內里湖竹路5號
assoc,CASSOC_382,山犁社區發展協會,彰化縣和美鎮無
assoc,CASSOC_383,竹園社區發展協會,彰化縣和美鎮竹園里彰新路４段115號
assoc,CASSOC_384,仁愛社區發展協會,彰化縣和美鎮和美鎮仁愛里和健路193巷98號
assoc,CASSOC_385,和東社區發展協會,彰化縣和美鎮無
assoc,CASSOC_386,馬興社區發展協會,彰化縣秀水鄉馬興村西銘巷6-1號
assoc,CASSOC_387,港墘社區發展協會,彰化縣秀水鄉秀水村開南巷87號
assoc,CASSOC_388,莊雅社區發展協會,彰化縣秀水鄉莊雅村秀中街82巷67弄3號
assoc,CASSOC_389,陝西社區發展協會,彰化縣秀水鄉陜西村埔南巷92號
assoc,CASSOC_390,金興社區發展協會,彰化縣秀水鄉秀水鄉金興村正興巷18-16號
assoc,CASSOC_391,安東社區發展協會,彰化縣秀水鄉安東村枋林巷60號
assoc,CASSOC_392,鶴鳴社區發展協會,彰化縣秀水鄉鶴鳴村明山街臨182號
assoc,CASSOC_393,頭前社區發展協會,彰化縣秀水鄉鶴鳴村永興巷臨61號
assoc,CASSOC_394,雅興社區發展協會,彰化縣秀水鄉秀水鄉雅興村雅興街260巷8-1號
assoc,CASSOC_395,義興社區發展協會,彰化縣秀水鄉秀水鄉義興村義興街13號
assoc,CASSOC_396,福安社區發展協會,彰化縣秀水鄉福安村長美巷臨53號
assoc,CASSOC_397,埔崙社區發展協會,彰化縣秀水鄉埔崙村蘇周巷162號
assoc,CASSOC_398,曾厝社區發展協會,彰化縣秀水鄉曾厝村大厝巷臨66號
assoc,CASSOC_399,金陵社區發展協會,彰化縣秀水鄉秀水鄉金陵村竹圍巷3號
assoc,CASSOC_400,惠來社區發展協會,彰化縣秀水鄉下崙村三聖巷15號
assoc,CASSOC_401,秀水社區發展協會,彰化縣秀水鄉花秀路37號
assoc,CASSOC_402,安溪社區發展協會,彰化縣秀水鄉秀水鄉安溪村安溪街98號
assoc,CASSOC_403,下崙社區發展協會,彰化縣秀水鄉秀水鄉下崙村1鄰民生街206號
assoc,CASSOC_404,汴頭社區發展協會,彰化縣伸港鄉汴頭村汴頭路183-3號
assoc,CASSOC_405,溪底社區發展協會,彰化縣伸港鄉溪底村溪底路103-2號
assoc,CASSOC_406,定興社區發展協會,彰化縣伸港鄉定興村定興路63號
assoc,CASSOC_407,全興社區發展協會,彰化縣伸港鄉全興村東全路11號
assoc,CASSOC_408,海尾社區發展協會,彰化縣伸港鄉海尾村海尾路3-2號
assoc,CASSOC_409,什股社區發展協會,彰化縣伸港鄉什股村什股路99-1號
assoc,CASSOC_410,大同社區發展協會,彰化縣伸港鄉大同村大同路82號
assoc,CASSOC_411,蚵寮社區發展協會,彰化縣伸港鄉蚵寮村蚵寮路155-3號
assoc,CASSOC_412,曾家社區發展協會,彰化縣伸港鄉曾家村曾家路65-1號
assoc,CASSOC_413,埤墘社區發展協會,彰化縣伸港鄉伸港鄉埤墘村埤墘一路154號
assoc,CASSOC_414,泉厝社區發展協會,彰化縣伸港鄉泉厝村泉厝路44-3號
assoc,CASSOC_415,新港社區發展協會,彰化縣伸港鄉新港村自強路臨30號
assoc,CASSOC_416,七嘉社區發展協會,彰化縣伸港鄉七嘉村嘉二路47號
assoc,CASSOC_417,泉州社區發展協會,彰化縣伸港鄉泉州村仁愛路123號
assoc,CASSOC_424,樹腳社區發展協會,彰化縣竹塘鄉樹腳村竹林路一段大新巷35之2號
assoc,CASSOC_425,溪墘社區發展協會,彰化縣竹塘鄉竹塘鄉溪墘村河陽路20號
assoc,CASSOC_427,田頭社區發展協會,彰化縣竹塘鄉竹塘鄉田頭村光明路竹田巷74號
assoc,CASSOC_428,民靖社區發展協會,彰化縣竹塘鄉民靖村竹林路二段85號
assoc,CASSOC_432,田尾社區發展協會,彰化縣田尾鄉田尾村光復路3段538巷1號
assoc,CASSOC_433,豐田社區發展協會,彰化縣田尾鄉豐田村光復路114號
assoc,CASSOC_434,饒平社區發展協會,彰化縣田尾鄉饒平村東平巷143號
assoc,CASSOC_435,北曾社區發展協會,彰化縣田尾鄉北曾村福德巷359號
assoc,CASSOC_436,南曾社區發展協會,彰化縣田尾鄉南曾村光復路2段481巷20號號
assoc,CASSOC_437,睦宜社區發展協會,彰化縣田尾鄉睦宜村地政路157號
assoc,CASSOC_438,新生社區發展協會,彰化縣田尾鄉新生村延平路150號
assoc,CASSOC_439,北鎮社區發展協會,彰化縣田尾鄉北鎮村平和路2段275號
assoc,CASSOC_440,南鎮社區發展協會,彰化縣田尾鄉南鎮村平和路1段140號
assoc,CASSOC_441,福田社區發展協會,彰化縣田尾鄉福田村光復路1段98巷19號
assoc,CASSOC_442,新興社區發展協會,彰化縣田尾鄉新興村新興路1段140號
assoc,CASSOC_443,溪畔社區發展協會,彰化縣田尾鄉溪畔村溪畔巷101弄4號
assoc,CASSOC_444,打簾社區發展協會,彰化縣田尾鄉打簾村民生路1段80號
assoc,CASSOC_445,柳鳳社區發展協會,彰化縣田尾鄉柳鳳村民族路2段362巷7號
assoc,CASSOC_446,陸豐社區發展協會,彰化縣田尾鄉陸豐村陸豐路48號
assoc,CASSOC_447,海豐社區發展協會,彰化縣田尾鄉海豐村光榮巷546號
assoc,CASSOC_448,仁里社區發展協會,彰化縣田尾鄉仁里村中正路2段195巷20號
assoc,CASSOC_449,新厝社區發展協會,彰化縣田尾鄉新厝村光明巷54號
assoc,CASSOC_450,溪頂社區發展協會,彰化縣田尾鄉溪頂村三溪路1段209號
assoc,CASSOC_451,正義社區發展協會,彰化縣田尾鄉田尾鄉正義村中正路一段233號
assoc,CASSOC_452,舊街社區發展協會,彰化縣田中鎮沙崙里酪農路191號
assoc,CASSOC_453,新民社區發展協會,彰化縣田中鎮新民里公館路258號
assoc,CASSOC_454,梅州社區發展協會,彰化縣田中鎮梅州里斗中路一段443巷121-2號
assoc,CASSOC_456,頂潭社區發展協會,彰化縣田中鎮頂潭里崁頂路143號
assoc,CASSOC_457,龍潭社區發展協會,彰化縣田中鎮龍潭里大社路一段216巷100弄20號
assoc,CASSOC_458,大社社區發展協會,彰化縣田中鎮大社里大社路2段647號
assoc,CASSOC_459,東興社區發展協會,彰化縣田中鎮復興里山腳路四段253巷32號
assoc,CASSOC_460,東源社區發展協會,彰化縣田中鎮東源里中南路二段608巷32號
assoc,CASSOC_461,香山社區發展協會,彰化縣田中鎮香山里山腳路二段98巷66號
assoc,CASSOC_462,新庄社區發展協會,彰化縣田中鎮新庄里中山街134號2F
assoc,CASSOC_464,大崙社區發展協會,彰化縣田中鎮大崙里大安路二段320號
assoc,CASSOC_465,中潭社區發展協會,彰化縣田中鎮中潭里員集路三段125巷255號
assoc,CASSOC_466,西路社區發展協會,彰化縣田中鎮西路里長順街8號
assoc,CASSOC_467,太平社區發展協會,彰化縣田中鎮平和里山腳路五段246號
assoc,CASSOC_468,復興社區發展協會,彰化縣田中鎮書鄉苑 無(豬舍改建、閒置空間再利用)
assoc,CASSOC_474,碧峰社區發展協會,彰化縣田中鎮田中鎮碧峰里中南路二段509號
assoc,CASSOC_475,港西社區發展協會,彰化縣永靖鄉永靖鄉港西村五福巷118號之2
assoc,CASSOC_477,永安社區發展協會,彰化縣永靖鄉永靖鄉永西村瑚璉路臨356-2號
assoc,CASSOC_478,瑚璉社區發展協會,彰化縣永靖鄉瑚璉村錫壽路3號
assoc,CASSOC_479,湳港社區發展協會,彰化縣永靖鄉通訊地址:永靖鄉湳港村永社路186號
assoc,CASSOC_480,福興社區發展協會,彰化縣永靖鄉福興村中肚巷52號
assoc,CASSOC_481,同安社區發展協會,彰化縣永靖鄉同安村西畔巷11-1號
assoc,CASSOC_482,光雲社區發展協會,彰化縣永靖鄉光雲村意善巷78-1號
assoc,CASSOC_483,同仁社區發展協會,彰化縣永靖鄉同仁村東畔路7-1號
assoc,CASSOC_485,新莊社區發展協會,彰化縣永靖鄉新莊村永社路75-1號
assoc,CASSOC_486,五汴社區發展協會,彰化縣永靖鄉五汴村五汴巷1號
assoc,CASSOC_487,浮圳社區發展協會,彰化縣永靖鄉東寧村浮圳路490號
assoc,CASSOC_489,崙子社區發展協會,彰化縣永靖鄉崙子村九分路216號
assoc,CASSOC_490,五福社區發展協會,彰化縣永靖鄉五福村五福巷99-1號
assoc,CASSOC_491,崙美社區發展協會,彰化縣永靖鄉崙美村獨鰲路270巷8-1號
assoc,CASSOC_492,永南社區發展協會,彰化縣永靖鄉永西路155號
assoc,CASSOC_493,永北社區發展協會,彰化縣永靖鄉永北村水尾路192巷1-1號
assoc,CASSOC_494,湳墘社區發展協會,彰化縣永靖鄉湳墘村忠心路13-1號
assoc,CASSOC_495,四芳社區發展協會,彰化縣永靖鄉四芳村四湳路55-1號
assoc,CASSOC_496,獨鰲社區發展協會,彰化縣永靖鄉獨鰲村獨鰲路一段3號
assoc,CASSOC_498,竹子社區發展協會,彰化縣永靖鄉竹子村竹中巷41號
assoc,CASSOC_499,七星社區發展協會,彰化縣北斗鎮七星里神農路2-3號
assoc,CASSOC_500,大道社區發展協會,彰化縣北斗鎮大道里大道路187巷17號
assoc,CASSOC_501,新生社區發展協會,彰化縣北斗鎮北斗鎮新生里興農路一段537號
assoc,CASSOC_502,中和社區發展協會,彰化縣北斗鎮中和里中圳路305號
assoc,CASSOC_503,中寮社區發展協會,彰化縣北斗鎮中寮里中央路30巷31號
assoc,CASSOC_505,西德社區發展協會,彰化縣北斗鎮西德里舜耕路27-4號
assoc,CASSOC_506,螺陽社區發展協會,彰化縣北斗鎮北斗鎮西安里復興路862巷7號
assoc,CASSOC_507,居仁社區發展協會,彰化縣北斗鎮北斗鎮居仁里宮後二巷11號
assoc,CASSOC_509,重慶社區發展協會,彰化縣北斗鎮北斗鎮重慶里武英巷24號
assoc,CASSOC_512,西城社區發展協會,彰化縣大城鄉西城村西勢路31-2號
assoc,CASSOC_513,山腳社區發展協會,彰化縣大城鄉山腳村大山路47號
assoc,CASSOC_514,頂庄社區發展協會,彰化縣大城鄉頂庄村東厝路70號
assoc,CASSOC_515,公館社區發展協會,彰化縣大城鄉公館村東西路43號
assoc,CASSOC_516,東港社區發展協會,彰化縣大城鄉東港村中央路2-1號
assoc,CASSOC_517,西港社區發展協會,彰化縣大城鄉西港村永鎮路35號
assoc,CASSOC_518,豐美社區發展協會,彰化縣大城鄉豐美村平和路31號
assoc,CASSOC_519,大城社區發展協會,彰化縣大城鄉大城村西平路176號
assoc,CASSOC_520,東城社區發展協會,彰化縣大城鄉東城村中平路161號
assoc,CASSOC_521,菜寮社區發展協會,彰化縣大城鄉菜寮村東平路6號
assoc,CASSOC_522,上山社區發展協會,彰化縣大城鄉上山村大山路2之1號
assoc,CASSOC_523,潭墘社區發展協會,彰化縣大城鄉潭墘村光復路1-5號
assoc,CASSOC_524,尤仕社區發展協會,彰化縣大城鄉潭墘村天惠路42-1號
assoc,CASSOC_525,永和社區發展協會,彰化縣大城鄉永和村青埔路7-3號
assoc,CASSOC_526,三豐社區發展協會,彰化縣大城鄉三豐村平康路1-1號
assoc,CASSOC_527,台西社區發展協會,彰化縣大城鄉台西村順應路4號
assoc,CASSOC_528,大村社區發展協會,彰化縣大村鄉大村村茄苳路1段203號
assoc,CASSOC_529,茄苳社區發展協會,彰化縣大村鄉茄苳村茄苳路2段141巷31號
assoc,CASSOC_530,田洋社區發展協會,彰化縣大村鄉田洋村田洋巷11號
assoc,CASSOC_531,貢旗社區發展協會,彰化縣大村鄉貢旗村大崙路2-1號
assoc,CASSOC_532,加錫社區發展協會,彰化縣大村鄉大村鄉加錫村加錫二巷3之8號
assoc,CASSOC_533,大崙社區發展協會,彰化縣大村鄉大村鄉大崙村大崙二巷28-2號
assoc,CASSOC_534,新興社區發展協會,彰化縣大村鄉新興村新興巷6-3號彰化縣大村鄉新興村新興巷11號
assoc,CASSOC_535,南勢社區發展協會,彰化縣大村鄉南勢村南一橫巷3-11號
assoc,CASSOC_536,過溝社區發展協會,彰化縣大村鄉過溝村過溝三巷36-2號
assoc,CASSOC_537,擺塘社區發展協會,彰化縣大村鄉擺塘村擺塘橫巷1-1號
assoc,CASSOC_538,大橋社區發展協會,彰化縣大村鄉大橋村中山路三段193巷69號
assoc,CASSOC_539,村上社區發展協會,彰化縣大村鄉村上村中正東路98巷2號
assoc,CASSOC_540,美港社區發展協會,彰化縣大村鄉美港村中山路一段118號
assoc,CASSOC_541,黃厝社區發展協會,彰化縣大村鄉黃厝村山腳路34-1號
assoc,CASSOC_542,福興社區發展協會,彰化縣大村鄉福興村山腳路88-1號
assoc,CASSOC_543,平和社區發展協會,彰化縣大村鄉平和村聖瑤東路77號
assoc,CASSOC_544,西斗社區發展協會,彰化縣二林鎮西斗里再發路6號
assoc,CASSOC_545,廣興社區發展協會,彰化縣二林鎮二林鎮廣興里廣興巷2-1號
assoc,CASSOC_546,外竹社區發展協會,彰化縣二林鎮外竹里中南巷2號
assoc,CASSOC_547,復豐社區發展協會,彰化縣二林鎮復豐里𥕟瑤巷5號
assoc,CASSOC_548,東勢社區發展協會,彰化縣二林鎮東勢里面前巷2-20號
assoc,CASSOC_549,東興社區發展協會,彰化縣二林鎮東興里福建巷45號之1
assoc,CASSOC_550,中西社區發展協會,彰化縣二林鎮中西里中三路1號
assoc,CASSOC_551,原斗社區發展協會,彰化縣二林鎮原斗里中正巷12之1號
assoc,CASSOC_552,大永社區發展協會,彰化縣二林鎮大永路17之1號
assoc,CASSOC_553,梅芳社區發展協會,彰化縣二林鎮梅芳里太平路四段臨69號
assoc,CASSOC_555,華崙社區發展協會,彰化縣二林鎮華崙里光復路44號
assoc,CASSOC_557,南光社區發展協會,彰化縣二林鎮南光里懷仁街8號
assoc,CASSOC_558,西庄社區發展協會,彰化縣二林鎮西庄里泉西巷31號之1
assoc,CASSOC_559,香田社區發展協會,彰化縣二林鎮香田里儒林路10-1號
assoc,CASSOC_563,西平社區發展協會,彰化縣二林鎮西平里民族巷8號之1
assoc,CASSOC_571,復興社區發展協會,彰化縣二水鄉復興村員集路5段472號
assoc,CASSOC_572,十五社區發展協會,彰化縣二水鄉十五村十五路33-1號
assoc,CASSOC_573,合和社區發展協會,彰化縣二水鄉合和村番田二巷17號
assoc,CASSOC_574,海豐社區發展協會,彰化縣二水鄉上豐村山腳路113-5號
assoc,CASSOC_575,過圳社區發展協會,彰化縣二水鄉過圳村三義巷30-7號
assoc,CASSOC_576,五伯社區發展協會,彰化縣二水鄉五伯村過圳路222號
assoc,CASSOC_577,光化社區發展協會,彰化縣二水鄉光化村光聖巷37號
assoc,CASSOC_578,聖化社區發展協會,彰化縣二水鄉聖化村溪邊巷72號
assoc,CASSOC_579,二水社區發展協會,彰化縣二水鄉二水村員集路3段625號
assoc,CASSOC_580,惠民社區發展協會,彰化縣二水鄉惠民村山腳路48-1號
assoc,CASSOC_581,大園社區發展協會,彰化縣二水鄉大園村大園巷11-9號
assoc,CASSOC_582,合興社區發展協會,彰化縣二水鄉合興村英義路12巷46號
assoc,CASSOC_583,源泉社區發展協會,彰化縣二水鄉源泉村月眉巷1-2號
assoc,CASSOC_584,文化社區發展協會,彰化縣二水鄉文化村文化一巷1號
assoc,CASSOC_586,倡和社區發展協會,彰化縣二水鄉倡和村倡和路41-1號
infant,INFCARE_001,勁寶兒海頓托嬰中心,彰化縣彰化市彰化市瑞陽街30號
infant,INFCARE_002,彰化基督教醫療財團法人附設彰化縣私立彰基托嬰中心,彰化縣彰化市彰化市大埔路485巷106號1樓
infant,INFCARE_003,鵝媽媽托嬰中心,彰化縣彰化市彰化市大埔路485巷10號1樓
infant,INFCARE_004,嘟嘟托嬰中心,彰化縣彰化市彰化市仁愛路67巷11號
infant,INFCARE_005,探索吉兒園托嬰中心,彰化縣彰化市彰化市忠誠路48號
infant,INFCARE_006,太陽貝兒托嬰中心,彰化縣彰化市彰化市金馬路一段477號
infant,INFCARE_007,綠荳籽托嬰中心,彰化縣彰化市彰化市泰和中街282號
infant,INFCARE_008,向陽托嬰中心,彰化縣彰化市彰化市光南里南校街56號1-3樓
infant,INFCARE_009,小甜甜托嬰中心,彰化縣彰化市彰化市和調里實踐路58之1號
infant,INFCARE_010,富幼托嬰中心,彰化縣彰化市彰化市成功路313號1-2樓
infant,INFCARE_011,袋鼠媽咪托嬰中心,彰化縣彰化市彰化市辭修路128巷1號
infant,INFCARE_012,袋鼠貝比托嬰中心,彰化縣彰化市彰化市長壽街161、163號
infant,INFCARE_013,貝恩托嬰中心,彰化縣彰化市彰化市民族路129巷2號1-2樓
infant,INFCARE_014,太陽托嬰中心,彰化縣彰化市彰化市公園路1段284號
infant,INFCARE_015,喬依思寶貝托嬰中心,彰化縣彰化市彰化市辭修北路198巷66號
infant,INFCARE_016,安芯托嬰中心,彰化縣彰化市彰化市彰南路2段164巷36號1-2樓
infant,INFCARE_017,愛堡托嬰中心,彰化縣彰化市彰化市南館街72號2樓
infant,INFCARE_018,秀傳醫療社團法人附設彰化縣私立秀傳托嬰中心,彰化縣彰化市彰化市中山路一段556巷21弄2號2-3樓
infant,INFCARE_019,稻和四季托嬰中心,彰化縣彰化市彰化市平和里平順二街28號1-3樓
infant,INFCARE_020,和美小豆豆托嬰中心,彰化縣和美鎮和美鎮糖友里彰新路3段226號
infant,INFCARE_021,朧樂托嬰中心,彰化縣和美鎮和美鎮仁昌路66號
infant,INFCARE_022,康橋托嬰中心,彰化縣秀水鄉秀水鄉福安村中山路436巷6弄1號1-2樓
infant,INFCARE_023,大家托嬰中心,彰化縣秀水鄉秀中街115巷47號
infant,INFCARE_024,愛兒托嬰中心,彰化縣秀水鄉秀水鄉安東村枋林巷75-12號
infant,INFCARE_025,秀傳醫療財團法人附設彰化縣私立彰濱托嬰中心,彰化縣鹿港鎮鹿港鎮鹿工路1-1號
infant,INFCARE_026,一畝田托嬰中心,彰化縣花壇鄉花壇鄉中正路35號
infant,INFCARE_027,育成托嬰中心,彰化縣花壇鄉花壇鄉長沙村中正路66號1樓
infant,INFCARE_028,強森永靖托嬰中心,彰化縣永靖鄉永靖鄉永寧街46巷20號
infant,INFCARE_029,迪士尼托嬰中心,彰化縣員林市員林市忠孝街257號
infant,INFCARE_030,寶貝兒托嬰中心,彰化縣員林市員林市建國路49號
infant,INFCARE_031,愛婗托嬰中心,彰化縣員林市員林市仁美里和平東街34號1-2樓
infant,INFCARE_032,亞亞托嬰中心,彰化縣員林市員林市明倫路229號
infant,INFCARE_033,童之韻托嬰中心,彰化縣員林市員林市溝皂里21鄰溝皂五街21號1-1樓
infant,INFCARE_034,快樂寶貝托嬰中心,彰化縣大村鄉大村鄉中正西路280巷2弄53號
infant,INFCARE_035,百晨托嬰中心,彰化縣溪湖鎮溪湖鎮培英路76號1-2樓
infant,INFCARE_036,皮亞諾托嬰中心,彰化縣溪湖鎮溪湖鎮大公路347號
infant,INFCARE_037,樂遊托嬰中心,彰化縣溪湖鎮溪湖鎮西環路88號2樓
infant,INFCARE_038,勁寶兒北斗托嬰中心,彰化縣北斗鎮北斗鎮東斗路10-11號
infant,INFCARE_039,普林斯頓托嬰中心,彰化縣鹿港鎮鹿港鎮鹿和路3段500號
infant,INFCARE_040,向上心托嬰中心,彰化縣田中鎮田中鎮南路里興工路388號1樓
infant,INFCARE_041,晨曦托嬰中心,彰化縣員林市員林市條和六街70號
infant,INFCARE_042,咕咕鳥員林托嬰中心,彰化縣員林市員林市至善街181號
infant,INFCARE_043,悠悠小象托嬰中心,彰化縣員林市員林市溝皂一街32號
infant,INFCARE_044,禾亞托嬰中心,彰化縣員林市員林市興仁街73號
infant,INFCARE_045,愛妮爾托嬰中心,彰化縣彰化市彰南路二段256-9號1-3樓
infant,INFCARE_046,可妮托嬰中心,彰化縣彰化市彰南路二段256-18號1-3樓
infant,INFCARE_047,加昕托嬰中心,彰化縣溪湖鎮溪湖鎮東寮里8鄰富貴街102號
infant,INFCARE_048,沐禾托嬰中心,彰化縣大村鄉大村村忠孝街18號
infant,INFCARE_049,好好托嬰中心,彰化縣員林市員林市至平街11號2樓
infant,INFCARE_050,晴天家托嬰中心,彰化縣員林市員林市三條里成功東路259號
infant,INFCARE_051,探索托嬰中心,彰化縣彰化市彰化市中正路二段851號
infant,INFCARE_052,勁寶兒員林托嬰中心,彰化縣員林市員林市員林大道六段365號
infant,INFCARE_053,朧悅館托嬰中心,彰化縣和美鎮和美鎮美寮路二段480號
infant,INFCARE_054,培陽托嬰中心,彰化縣彰化市彰化市平順一街27號
infant,INFCARE_055,恩光托嬰中心,彰化縣彰化市彰化市平和五街100號1-3樓
infant,INFCARE_056,二畝田托嬰中心,彰化縣花壇鄉花壇鄉成功街208巷9號1-3樓
infant,INFCARE_057,加安托嬰中心,彰化縣溪湖鎮溪湖鎮行政街306號
infant,INFCARE_058,優兒托嬰中心,彰化縣秀水鄉秀水鄉鶴鳴村明山街37巷66號
infant,INFCARE_059,沐星托嬰中心,彰化縣彰化市彰化市建國北路181號1-3樓
infant,INFCARE_060,昕田托嬰中心,彰化縣伸港鄉伸港鄉大同村11鄰大同一街111號
infant,INFCARE_061,英橋托嬰中心,彰化縣和美鎮和美鎮道周路438號2-3樓
early,EARLY_001,彰化縣寶貝成長家園,彰化縣彰化市南郭路一段47巷13號2樓
early,EARLY_002,南區寶貝成長家園,彰化縣北斗鎮復興路270號5樓
early,EARLY_003,聖家啟智中心,彰化縣員林市光明里民生路50號
early,EARLY_004,家扶發展學園,彰化縣和美鎮彰美路5段160號
early,EARLY_005,聖智啟智中心,彰化縣溪州鄉中山路3段512號
