dataset,id,name,town,address,failure,api_best_guess,query,google_search_url,google_url,lat,lng,note
避難收容處所,SHELTER_038,延和公園棒壘球場,彰化市,彰化縣彰化市埔西街212-246號,api_無此門牌,,彰化縣彰化市埔西街212-246號,https://www.google.com/maps/search/?api=1&query=%E5%BD%B0%E5%8C%96%E7%B8%A3%E5%BD%B0%E5%8C%96%E5%B8%82%E5%9F%94%E8%A5%BF%E8%A1%97212-246%E8%99%9F,"https://www.google.com/maps/place/彰化市延和球場/@24.06064,120.540099,17z/data=!3m1!4b1!4m6!3m5!1s0x34693863578555c5:0xa634cd258d!8m2!3d24.0606400!4d120.5400990",,,Google 地圖：彰化市延和球場（延和公園內）
避難收容處所,SHELTER_063,永豐社區活動中心,埤頭鄉,彰化縣埤頭鄉東西路621號,api_無此門牌,,彰化縣埤頭鄉東西路621號,https://www.google.com/maps/search/?api=1&query=%E5%BD%B0%E5%8C%96%E7%B8%A3%E5%9F%A4%E9%A0%AD%E9%84%89%E6%9D%B1%E8%A5%BF%E8%B7%AF621%E8%99%9F,,,,
避難收容處所,SHELTER_069,元埔社區活動中心,埤頭鄉,彰化縣埤頭鄉文化路495巷11號,api_無此門牌,,彰化縣埤頭鄉文化路495巷11號,https://www.google.com/maps/search/?api=1&query=%E5%BD%B0%E5%8C%96%E7%B8%A3%E5%9F%A4%E9%A0%AD%E9%84%89%E6%96%87%E5%8C%96%E8%B7%AF495%E5%B7%B711%E8%99%9F,,,,
避難收容處所,SHELTER_075,陸嘉社區活動中心,埤頭鄉,彰化縣埤頭鄉中華路434號,api_僅模糊比對,彰化縣埤頭鄉興農村012鄰十號路４３４號,彰化縣埤頭鄉中華路434號,https://www.google.com/maps/search/?api=1&query=%E5%BD%B0%E5%8C%96%E7%B8%A3%E5%9F%A4%E9%A0%AD%E9%84%89%E4%B8%AD%E8%8F%AF%E8%B7%AF434%E8%99%9F,,,,
避難收容處所,SHELTER_080,光化村活動中心,二水鄉,彰化縣二水鄉光進一巷20-1號,api_無此門牌,,彰化縣二水鄉光進一巷20-1號,https://www.google.com/maps/search/?api=1&query=%E5%BD%B0%E5%8C%96%E7%B8%A3%E4%BA%8C%E6%B0%B4%E9%84%89%E5%85%89%E9%80%B2%E4%B8%80%E5%B7%B720-1%E8%99%9F,,,,
避難收容處所,SHELTER_083,大園村活動中心,二水鄉,彰化縣二水鄉大園巷11-9號,api_無此門牌,,彰化縣二水鄉大園巷11-9號,https://www.google.com/maps/search/?api=1&query=%E5%BD%B0%E5%8C%96%E7%B8%A3%E4%BA%8C%E6%B0%B4%E9%84%89%E5%A4%A7%E5%9C%92%E5%B7%B711-9%E8%99%9F,,,,
避難收容處所,SHELTER_084,惠民村活動中心,二水鄉,彰化縣二水鄉山腳路一段48-1號,api_僅模糊比對,雲林縣四湖鄉四湖村007鄰中山東路４８之１號,彰化縣二水鄉山腳路一段48-1號,https://www.google.com/maps/search/?api=1&query=%E5%BD%B0%E5%8C%96%E7%B8%A3%E4%BA%8C%E6%B0%B4%E9%84%89%E5%B1%B1%E8%85%B3%E8%B7%AF%E4%B8%80%E6%AE%B548-1%E8%99%9F,,,,
避難收容處所,SHELTER_085,文化村活動中心,二水鄉,彰化縣二水鄉文化一巷1號,api_無此門牌,,彰化縣二水鄉文化一巷1號,https://www.google.com/maps/search/?api=1&query=%E5%BD%B0%E5%8C%96%E7%B8%A3%E4%BA%8C%E6%B0%B4%E9%84%89%E6%96%87%E5%8C%96%E4%B8%80%E5%B7%B71%E8%99%9F,,,,
避難收容處所,SHELTER_086,二水村活動中心,二水鄉,彰化縣二水鄉正德巷5號,api_無此門牌,,彰化縣二水鄉正德巷5號,https://www.google.com/maps/search/?api=1&query=%E5%BD%B0%E5%8C%96%E7%B8%A3%E4%BA%8C%E6%B0%B4%E9%84%89%E6%AD%A3%E5%BE%B7%E5%B7%B75%E8%99%9F,,,,
避難收容處所,SHELTER_088,海豐村活動中心,二水鄉,彰化縣二水鄉山腳路一段113-5號,api_僅模糊比對,彰化縣伸港鄉海尾村008鄰海尾路１１３之５號,彰化縣二水鄉山腳路一段113-5號,https://www.google.com/maps/search/?api=1&query=%E5%BD%B0%E5%8C%96%E7%B8%A3%E4%BA%8C%E6%B0%B4%E9%84%89%E5%B1%B1%E8%85%B3%E8%B7%AF%E4%B8%80%E6%AE%B5113-5%E8%99%9F,,,,
避難收容處所,SHELTER_091,受玄宮,二水鄉,彰化縣二水鄉裕民巷53號,api_無此門牌,,彰化縣二水鄉裕民巷53號,https://www.google.com/maps/search/?api=1&query=%E5%BD%B0%E5%8C%96%E7%B8%A3%E4%BA%8C%E6%B0%B4%E9%84%89%E8%A3%95%E6%B0%91%E5%B7%B753%E8%99%9F,,,,
避難收容處所,SHELTER_098,頂庄國小,大城鄉,彰化縣大城鄉許厝巷10號,api_無此門牌,,彰化縣大城鄉許厝巷10號,https://www.google.com/maps/search/?api=1&query=%E5%BD%B0%E5%8C%96%E7%B8%A3%E5%A4%A7%E5%9F%8E%E9%84%89%E8%A8%B1%E5%8E%9D%E5%B7%B710%E8%99%9F,,,,
避難收容處所,SHELTER_111,螺陽國小,北斗鎮,彰化縣北斗鎮文苑路二段150號,api_僅模糊比對,彰化縣北斗鎮西安里008鄰斗苑路二段１５０號,彰化縣北斗鎮文苑路二段150號,https://www.google.com/maps/search/?api=1&query=%E5%BD%B0%E5%8C%96%E7%B8%A3%E5%8C%97%E6%96%97%E9%8E%AE%E6%96%87%E8%8B%91%E8%B7%AF%E4%BA%8C%E6%AE%B5150%E8%99%9F,,,,
避難收容處所,SHELTER_117,大嘉國小,和美鎮,彰化縣和美鎮彰和路3段50號,api_僅模糊比對,彰化縣和美鎮犁盛里018鄰彰新路三段５０號,彰化縣和美鎮彰和路3段50號,https://www.google.com/maps/search/?api=1&query=%E5%BD%B0%E5%8C%96%E7%B8%A3%E5%92%8C%E7%BE%8E%E9%8E%AE%E5%BD%B0%E5%92%8C%E8%B7%AF3%E6%AE%B550%E8%99%9F,,,,
避難收容處所,SHELTER_122,新庄國小,和美鎮,彰化縣和美鎮彰新路2段500號,api_僅模糊比對,彰化縣和美鎮鎮平里017鄰彰草路二段５００號,彰化縣和美鎮彰新路2段500號,https://www.google.com/maps/search/?api=1&query=%E5%BD%B0%E5%8C%96%E7%B8%A3%E5%92%8C%E7%BE%8E%E9%8E%AE%E5%BD%B0%E6%96%B0%E8%B7%AF2%E6%AE%B5500%E8%99%9F,,,,
避難收容處所,SHELTER_151,溪州國小,溪州鄉,彰化縣溪州鄉中山路3段415號,api_僅模糊比對,彰化縣永靖鄉五汴村011鄰中山路三段４１５號,彰化縣溪州鄉中山路3段415號,https://www.google.com/maps/search/?api=1&query=%E5%BD%B0%E5%8C%96%E7%B8%A3%E6%BA%AA%E5%B7%9E%E9%84%89%E4%B8%AD%E5%B1%B1%E8%B7%AF3%E6%AE%B5415%E8%99%9F,,,,
避難收容處所,SHELTER_159,大莊國小,溪州鄉,彰化縣溪州鄉村中橫巷1號,api_僅模糊比對,彰化縣溪州鄉溪州村009鄰中興路１號,彰化縣溪州鄉村中橫巷1號,https://www.google.com/maps/search/?api=1&query=%E5%BD%B0%E5%8C%96%E7%B8%A3%E6%BA%AA%E5%B7%9E%E9%84%89%E6%9D%91%E4%B8%AD%E6%A9%AB%E5%B7%B71%E8%99%9F,,,,
避難收容處所,SHELTER_167,東勢社區活動中心,二林鎮,彰化縣二林鎮面前巷2-20號,api_無此門牌,,彰化縣二林鎮面前巷2-20號,https://www.google.com/maps/search/?api=1&query=%E5%BD%B0%E5%8C%96%E7%B8%A3%E4%BA%8C%E6%9E%97%E9%8E%AE%E9%9D%A2%E5%89%8D%E5%B7%B72-20%E8%99%9F,,,,
避難收容處所,SHELTER_171,永南社區活動中心,永靖鄉,彰化縣永靖鄉永西路155號,api_僅模糊比對,彰化縣永靖鄉湳港村012鄰永社路１５５號,彰化縣永靖鄉永西路155號,https://www.google.com/maps/search/?api=1&query=%E5%BD%B0%E5%8C%96%E7%B8%A3%E6%B0%B8%E9%9D%96%E9%84%89%E6%B0%B8%E8%A5%BF%E8%B7%AF155%E8%99%9F,,,,
避難收容處所,SHELTER_173,港西社區活動中心,永靖鄉,彰化縣永靖鄉福德巷36-1號,api_無此門牌,,彰化縣永靖鄉福德巷36-1號,https://www.google.com/maps/search/?api=1&query=%E5%BD%B0%E5%8C%96%E7%B8%A3%E6%B0%B8%E9%9D%96%E9%84%89%E7%A6%8F%E5%BE%B7%E5%B7%B736-1%E8%99%9F,,,,
避難收容處所,SHELTER_174,五福社區活動中心,永靖鄉,彰化縣永靖鄉五福巷99-1號,api_無此門牌,,彰化縣永靖鄉五福巷99-1號,https://www.google.com/maps/search/?api=1&query=%E5%BD%B0%E5%8C%96%E7%B8%A3%E6%B0%B8%E9%9D%96%E9%84%89%E4%BA%94%E7%A6%8F%E5%B7%B799-1%E8%99%9F,,,,
避難收容處所,SHELTER_175,新莊社區活動中心,永靖鄉,彰化縣永靖鄉永社路75-1號,api_僅模糊比對,彰化縣伸港鄉全興村007鄰全興路７５之１號,彰化縣永靖鄉永社路75-1號,https://www.google.com/maps/search/?api=1&query=%E5%BD%B0%E5%8C%96%E7%B8%A3%E6%B0%B8%E9%9D%96%E9%84%89%E6%B0%B8%E7%A4%BE%E8%B7%AF75-1%E8%99%9F,,,,
避難收容處所,SHELTER_177,五汴社區活動中心,永靖鄉,彰化縣永靖鄉五汴巷1號,api_無此門牌,,彰化縣永靖鄉五汴巷1號,https://www.google.com/maps/search/?api=1&query=%E5%BD%B0%E5%8C%96%E7%B8%A3%E6%B0%B8%E9%9D%96%E9%84%89%E4%BA%94%E6%B1%B4%E5%B7%B71%E8%99%9F,,,,
避難收容處所,SHELTER_178,光雲社區活動中心,永靖鄉,彰化縣永靖鄉意善巷78-1號,api_無此門牌,,彰化縣永靖鄉意善巷78-1號,https://www.google.com/maps/search/?api=1&query=%E5%BD%B0%E5%8C%96%E7%B8%A3%E6%B0%B8%E9%9D%96%E9%84%89%E6%84%8F%E5%96%84%E5%B7%B778-1%E8%99%9F,,,,
避難收容處所,SHELTER_179,崙子社區活動中心,永靖鄉,彰化縣永靖鄉九分路192-1號,api_無此門牌,,彰化縣永靖鄉九分路192-1號,https://www.google.com/maps/search/?api=1&query=%E5%BD%B0%E5%8C%96%E7%B8%A3%E6%B0%B8%E9%9D%96%E9%84%89%E4%B9%9D%E5%88%86%E8%B7%AF192-1%E8%99%9F,,,,
避難收容處所,SHELTER_181,崙美社區活動中心,永靖鄉,彰化縣永靖鄉獨鰲路270巷8-1號,api_僅模糊比對,彰化縣大城鄉潭墘村005鄰光復路８之１號,彰化縣永靖鄉獨鰲路270巷8-1號,https://www.google.com/maps/search/?api=1&query=%E5%BD%B0%E5%8C%96%E7%B8%A3%E6%B0%B8%E9%9D%96%E9%84%89%E7%8D%A8%E9%B0%B2%E8%B7%AF270%E5%B7%B78-1%E8%99%9F,,,,
避難收容處所,SHELTER_182,同安社區活動中心,永靖鄉,彰化縣永靖鄉西畔巷11-1號,api_無此門牌,,彰化縣永靖鄉西畔巷11-1號,https://www.google.com/maps/search/?api=1&query=%E5%BD%B0%E5%8C%96%E7%B8%A3%E6%B0%B8%E9%9D%96%E9%84%89%E8%A5%BF%E7%95%94%E5%B7%B711-1%E8%99%9F,,,,
避難收容處所,SHELTER_183,同仁社區活動中心,永靖鄉,彰化縣永靖鄉東畔路7-1號,api_無此門牌,,彰化縣永靖鄉東畔路7-1號,https://www.google.com/maps/search/?api=1&query=%E5%BD%B0%E5%8C%96%E7%B8%A3%E6%B0%B8%E9%9D%96%E9%84%89%E6%9D%B1%E7%95%94%E8%B7%AF7-1%E8%99%9F,,,,
避難收容處所,SHELTER_184,湳墘社區活動中心,永靖鄉,彰化縣永靖鄉忠心路13-1號,api_僅模糊比對,嘉義縣番路鄉江西村004鄰柿仔脚１３之１號,彰化縣永靖鄉忠心路13-1號,https://www.google.com/maps/search/?api=1&query=%E5%BD%B0%E5%8C%96%E7%B8%A3%E6%B0%B8%E9%9D%96%E9%84%89%E5%BF%A0%E5%BF%83%E8%B7%AF13-1%E8%99%9F,,,,
避難收容處所,SHELTER_186,竹子社區活動中心,永靖鄉,彰化縣永靖鄉竹中巷41號,api_無此門牌,,彰化縣永靖鄉竹中巷41號,https://www.google.com/maps/search/?api=1&query=%E5%BD%B0%E5%8C%96%E7%B8%A3%E6%B0%B8%E9%9D%96%E9%84%89%E7%AB%B9%E4%B8%AD%E5%B7%B741%E8%99%9F,,,,
避難收容處所,SHELTER_194,北鎮社區活動中心,田尾鄉,彰化縣田尾鄉平和路二段151號,api_僅模糊比對,彰化縣田尾鄉饒平村019鄰中山路一段１５１號,彰化縣田尾鄉平和路二段151號,https://www.google.com/maps/search/?api=1&query=%E5%BD%B0%E5%8C%96%E7%B8%A3%E7%94%B0%E5%B0%BE%E9%84%89%E5%B9%B3%E5%92%8C%E8%B7%AF%E4%BA%8C%E6%AE%B5151%E8%99%9F,,,,
避難收容處所,SHELTER_252,埔崙社區活動中心,秀水鄉,彰化縣秀水鄉蘇周巷162號,api_無此門牌,,彰化縣秀水鄉蘇周巷162號,https://www.google.com/maps/search/?api=1&query=%E5%BD%B0%E5%8C%96%E7%B8%A3%E7%A7%80%E6%B0%B4%E9%84%89%E8%98%87%E5%91%A8%E5%B7%B7162%E8%99%9F,,,,
避難收容處所,SHELTER_256,曾厝社區活動中心,秀水鄉,彰化縣秀水鄉大厝巷66號,api_無此門牌,,彰化縣秀水鄉大厝巷66號,https://www.google.com/maps/search/?api=1&query=%E5%BD%B0%E5%8C%96%E7%B8%A3%E7%A7%80%E6%B0%B4%E9%84%89%E5%A4%A7%E5%8E%9D%E5%B7%B766%E8%99%9F,,,,
避難收容處所,SHELTER_257,玉陵宮廣場,秀水鄉,彰化縣秀水鄉番花路450巷46號,api_無此門牌,,彰化縣秀水鄉番花路450巷46號,https://www.google.com/maps/search/?api=1&query=%E5%BD%B0%E5%8C%96%E7%B8%A3%E7%A7%80%E6%B0%B4%E9%84%89%E7%95%AA%E8%8A%B1%E8%B7%AF450%E5%B7%B746%E8%99%9F,,,,
避難收容處所,SHELTER_262,馬興社區活動中心,秀水鄉,彰化縣秀水鄉西銘巷6-1號,api_無此門牌,,彰化縣秀水鄉西銘巷6-1號,https://www.google.com/maps/search/?api=1&query=%E5%BD%B0%E5%8C%96%E7%B8%A3%E7%A7%80%E6%B0%B4%E9%84%89%E8%A5%BF%E9%8A%98%E5%B7%B76-1%E8%99%9F,,,,
避難收容處所,SHELTER_272,橋頭國小,社頭鄉,彰化縣社頭鄉員集路三段528號,api_僅模糊比對,彰化縣二水鄉聖化村009鄰員集路三段５２８號,彰化縣社頭鄉員集路三段528號,https://www.google.com/maps/search/?api=1&query=%E5%BD%B0%E5%8C%96%E7%B8%A3%E7%A4%BE%E9%A0%AD%E9%84%89%E5%93%A1%E9%9B%86%E8%B7%AF%E4%B8%89%E6%AE%B5528%E8%99%9F,,,,
避難收容處所,SHELTER_328,曉陽國小,線西鄉,彰化縣線西鄉頂犁路158-1號,api_無此門牌,,彰化縣線西鄉頂犁路158-1號,https://www.google.com/maps/search/?api=1&query=%E5%BD%B0%E5%8C%96%E7%B8%A3%E7%B7%9A%E8%A5%BF%E9%84%89%E9%A0%82%E7%8A%81%E8%B7%AF158-1%E8%99%9F,,,,
避難收容處所,SHELTER_336,明禮國小藝能館,田中鎮,彰化縣田中鎮民光路一段394號,api_僅模糊比對,彰化縣田中鎮新庄里009鄰東閔路二段３９４號,彰化縣田中鎮民光路一段394號,https://www.google.com/maps/search/?api=1&query=%E5%BD%B0%E5%8C%96%E7%B8%A3%E7%94%B0%E4%B8%AD%E9%8E%AE%E6%B0%91%E5%85%89%E8%B7%AF%E4%B8%80%E6%AE%B5394%E8%99%9F,,,,
避難收容處所,SHELTER_340,新庄社區活動中心,田中鎮,彰化縣田中鎮中山街134號,api_僅模糊比對,彰化縣田中鎮平和里006鄰太平路１３４號,彰化縣田中鎮中山街134號,https://www.google.com/maps/search/?api=1&query=%E5%BD%B0%E5%8C%96%E7%B8%A3%E7%94%B0%E4%B8%AD%E9%8E%AE%E4%B8%AD%E5%B1%B1%E8%A1%97134%E8%99%9F,,,,
避難收容處所,SHELTER_343,田中鎮立圖書館,田中鎮,彰化縣田中鎮中新路229號,api_僅模糊比對,彰化縣田中鎮南路里009鄰中州路一段２２９號,彰化縣田中鎮中新路229號,https://www.google.com/maps/search/?api=1&query=%E5%BD%B0%E5%8C%96%E7%B8%A3%E7%94%B0%E4%B8%AD%E9%8E%AE%E4%B8%AD%E6%96%B0%E8%B7%AF229%E8%99%9F,,,,
避難收容處所,SHELTER_360,大庭社區活動中心,溪湖鎮,彰化縣溪湖鎮崙子腳路34-1號,api_僅模糊比對,桃園市新屋區下田里006鄰員笨３４之１號,彰化縣溪湖鎮崙子腳路34-1號,https://www.google.com/maps/search/?api=1&query=%E5%BD%B0%E5%8C%96%E7%B8%A3%E6%BA%AA%E6%B9%96%E9%8E%AE%E5%B4%99%E5%AD%90%E8%85%B3%E8%B7%AF34-1%E8%99%9F,,,,
避難收容處所,SHELTER_363,河東社區活動中心,溪湖鎮,彰化縣溪湖鎮河東路281號,api_僅模糊比對,彰化縣溪湖鎮平和里002鄰彰水路三段２８１號,彰化縣溪湖鎮河東路281號,https://www.google.com/maps/search/?api=1&query=%E5%BD%B0%E5%8C%96%E7%B8%A3%E6%BA%AA%E6%B9%96%E9%8E%AE%E6%B2%B3%E6%9D%B1%E8%B7%AF281%E8%99%9F,,,,
避難收容處所,SHELTER_365,湖東國小,溪湖鎮,彰化縣溪湖鎮大溪路二段423號,api_僅模糊比對,彰化縣溪湖鎮河東里004鄰二溪路二段４２３號,彰化縣溪湖鎮大溪路二段423號,https://www.google.com/maps/search/?api=1&query=%E5%BD%B0%E5%8C%96%E7%B8%A3%E6%BA%AA%E6%B9%96%E9%8E%AE%E5%A4%A7%E6%BA%AA%E8%B7%AF%E4%BA%8C%E6%AE%B5423%E8%99%9F,,,,
避難收容處所,SHELTER_392,新興社區活動中心,大村鄉,彰化縣大村鄉新興巷6-3號,api_無此門牌,,彰化縣大村鄉新興巷6-3號,https://www.google.com/maps/search/?api=1&query=%E5%BD%B0%E5%8C%96%E7%B8%A3%E5%A4%A7%E6%9D%91%E9%84%89%E6%96%B0%E8%88%88%E5%B7%B76-3%E8%99%9F,,,,
避難收容處所,SHELTER_400,過溝社區活動中心,大村鄉,彰化縣大村鄉過溝三巷36-2號,api_無此門牌,,彰化縣大村鄉過溝三巷36-2號,https://www.google.com/maps/search/?api=1&query=%E5%BD%B0%E5%8C%96%E7%B8%A3%E5%A4%A7%E6%9D%91%E9%84%89%E9%81%8E%E6%BA%9D%E4%B8%89%E5%B7%B736-2%E8%99%9F,,,,
救濟站,RELIEF_045,大嘉國小,和美鎮,彰化縣和美鎮彰和路三段50號,api_僅模糊比對,彰化縣和美鎮犁盛里018鄰彰新路三段５０號,彰化縣和美鎮彰和路三段50號,https://www.google.com/maps/search/?api=1&query=%E5%BD%B0%E5%8C%96%E7%B8%A3%E5%92%8C%E7%BE%8E%E9%8E%AE%E5%BD%B0%E5%92%8C%E8%B7%AF%E4%B8%89%E6%AE%B550%E8%99%9F,,,,
救濟站,RELIEF_048,和美鎮立圖書館,和美鎮,彰化縣和美鎮道周路346號,api_無此門牌,,彰化縣和美鎮道周路346號,https://www.google.com/maps/search/?api=1&query=%E5%BD%B0%E5%8C%96%E7%B8%A3%E5%92%8C%E7%BE%8E%E9%8E%AE%E9%81%93%E5%91%A8%E8%B7%AF346%E8%99%9F,,,,
救濟站,RELIEF_051,新庄國小,和美鎮,彰化縣和美鎮彰新路2段500號,api_僅模糊比對,彰化縣和美鎮鎮平里017鄰彰草路二段５００號,彰化縣和美鎮彰新路2段500號,https://www.google.com/maps/search/?api=1&query=%E5%BD%B0%E5%8C%96%E7%B8%A3%E5%92%8C%E7%BE%8E%E9%8E%AE%E5%BD%B0%E6%96%B0%E8%B7%AF2%E6%AE%B5500%E8%99%9F,,,,
救濟站,RELIEF_054,曉陽國小,線西鄉,彰化縣線西鄉頂犁路158-1號,api_無此門牌,,彰化縣線西鄉頂犁路158-1號,https://www.google.com/maps/search/?api=1&query=%E5%BD%B0%E5%8C%96%E7%B8%A3%E7%B7%9A%E8%A5%BF%E9%84%89%E9%A0%82%E7%8A%81%E8%B7%AF158-1%E8%99%9F,,,,
救濟站,RELIEF_058,塭仔社區,線西鄉,彰化縣線西鄉沿海路一段495巷17號,api_僅模糊比對,彰化縣福興鄉麥厝村023鄰沿海路一段１７號,彰化縣線西鄉沿海路一段495巷17號,https://www.google.com/maps/search/?api=1&query=%E5%BD%B0%E5%8C%96%E7%B8%A3%E7%B7%9A%E8%A5%BF%E9%84%89%E6%B2%BF%E6%B5%B7%E8%B7%AF%E4%B8%80%E6%AE%B5495%E5%B7%B717%E8%99%9F,,,,
救濟站,RELIEF_140,明湖國小,員林市,彰化縣員林市湖水路277號,api_無此門牌,,彰化縣員林市湖水路277號,https://www.google.com/maps/search/?api=1&query=%E5%BD%B0%E5%8C%96%E7%B8%A3%E5%93%A1%E6%9E%97%E5%B8%82%E6%B9%96%E6%B0%B4%E8%B7%AF277%E8%99%9F,,,,
救濟站,RELIEF_147,湖東國小,溪湖鎮,彰化縣溪湖鎮湖東里大溪路二段423號,api_僅模糊比對,彰化縣埔心鄉埤脚村014鄰大溪路二段４２３號,彰化縣溪湖鎮湖東里大溪路二段423號,https://www.google.com/maps/search/?api=1&query=%E5%BD%B0%E5%8C%96%E7%B8%A3%E6%BA%AA%E6%B9%96%E9%8E%AE%E6%B9%96%E6%9D%B1%E9%87%8C%E5%A4%A7%E6%BA%AA%E8%B7%AF%E4%BA%8C%E6%AE%B5423%E8%99%9F,,,,
救濟站,RELIEF_165,田中鎮立圖書館,田中鎮,彰化縣田中鎮中路里中新路229號,api_僅模糊比對,高雄市旗津區中興里004鄰旗津二路２２９號,彰化縣田中鎮中路里中新路229號,https://www.google.com/maps/search/?api=1&query=%E5%BD%B0%E5%8C%96%E7%B8%A3%E7%94%B0%E4%B8%AD%E9%8E%AE%E4%B8%AD%E8%B7%AF%E9%87%8C%E4%B8%AD%E6%96%B0%E8%B7%AF229%E8%99%9F,,,,
救濟站,RELIEF_168,新庄社區,田中鎮,彰化縣田中鎮新庄里中山街134號,api_僅模糊比對,彰化縣田中鎮新庄里007鄰居仁街１３４號,彰化縣田中鎮新庄里中山街134號,https://www.google.com/maps/search/?api=1&query=%E5%BD%B0%E5%8C%96%E7%B8%A3%E7%94%B0%E4%B8%AD%E9%8E%AE%E6%96%B0%E5%BA%84%E9%87%8C%E4%B8%AD%E5%B1%B1%E8%A1%97134%E8%99%9F,,,,
救濟站,RELIEF_171,明禮國小,田中鎮,彰化縣田中鎮民光路一段394號,api_僅模糊比對,彰化縣田中鎮新庄里009鄰東閔路二段３９４號,彰化縣田中鎮民光路一段394號,https://www.google.com/maps/search/?api=1&query=%E5%BD%B0%E5%8C%96%E7%B8%A3%E7%94%B0%E4%B8%AD%E9%8E%AE%E6%B0%91%E5%85%89%E8%B7%AF%E4%B8%80%E6%AE%B5394%E8%99%9F,,,,
救濟站,RELIEF_177,大葉大學,大村鄉,彰化縣大村鄉學府路169號,api_僅模糊比對,彰化縣花壇鄉長沙村024鄰學府路１６９號,彰化縣大村鄉學府路169號,https://www.google.com/maps/search/?api=1&query=%E5%BD%B0%E5%8C%96%E7%B8%A3%E5%A4%A7%E6%9D%91%E9%84%89%E5%AD%B8%E5%BA%9C%E8%B7%AF169%E8%99%9F,,,,
救濟站,RELIEF_206,德興國小,永靖鄉,彰化縣永靖鄉竹子村竹後巷47號,api_僅模糊比對,彰化縣芳苑鄉崙腳村010鄰草崙路４７號,彰化縣永靖鄉竹子村竹後巷47號,https://www.google.com/maps/search/?api=1&query=%E5%BD%B0%E5%8C%96%E7%B8%A3%E6%B0%B8%E9%9D%96%E9%84%89%E7%AB%B9%E5%AD%90%E6%9D%91%E7%AB%B9%E5%BE%8C%E5%B7%B747%E8%99%9F,,,,
救濟站,RELIEF_212,橋頭國小,社頭鄉,彰化縣社頭鄉橋頭村員集路三段528號,api_僅模糊比對,彰化縣二水鄉聖化村009鄰員集路三段５２８號,彰化縣社頭鄉橋頭村員集路三段528號,https://www.google.com/maps/search/?api=1&query=%E5%BD%B0%E5%8C%96%E7%B8%A3%E7%A4%BE%E9%A0%AD%E9%84%89%E6%A9%8B%E9%A0%AD%E6%9D%91%E5%93%A1%E9%9B%86%E8%B7%AF%E4%B8%89%E6%AE%B5528%E8%99%9F,,,,
救濟站,RELIEF_225,北斗郵局,北斗鎮,彰化縣北斗鎮光復里光復路226號地上4地下,api_僅模糊比對,臺中市北區光大里016鄰五順街２２６號,彰化縣北斗鎮光復里光復路226號地上4地下,https://www.google.com/maps/search/?api=1&query=%E5%BD%B0%E5%8C%96%E7%B8%A3%E5%8C%97%E6%96%97%E9%8E%AE%E5%85%89%E5%BE%A9%E9%87%8C%E5%85%89%E5%BE%A9%E8%B7%AF226%E8%99%9F%E5%9C%B0%E4%B8%8A4%E5%9C%B0%E4%B8%8B,,,,
救濟站,RELIEF_232,北斗家商學校,北斗鎮,彰化縣北斗鎮大道里文苑路17號地上7地下,api_僅模糊比對,屏東縣恆春鎮大光里022鄰砂尾路１７號,彰化縣北斗鎮大道里文苑路17號地上7地下,https://www.google.com/maps/search/?api=1&query=%E5%BD%B0%E5%8C%96%E7%B8%A3%E5%8C%97%E6%96%97%E9%8E%AE%E5%A4%A7%E9%81%93%E9%87%8C%E6%96%87%E8%8B%91%E8%B7%AF17%E8%99%9F%E5%9C%B0%E4%B8%8A7%E5%9C%B0%E4%B8%8B,,,,
救濟站,RELIEF_262,北鎮社區,田尾鄉,彰化縣田尾鄉平和路二段151號,api_僅模糊比對,彰化縣田尾鄉饒平村019鄰中山路一段１５１號,彰化縣田尾鄉平和路二段151號,https://www.google.com/maps/search/?api=1&query=%E5%BD%B0%E5%8C%96%E7%B8%A3%E7%94%B0%E5%B0%BE%E9%84%89%E5%B9%B3%E5%92%8C%E8%B7%AF%E4%BA%8C%E6%AE%B5151%E8%99%9F,,,,
救濟站,RELIEF_283,中華電信住宿休閒會館中華電信,埤頭鄉,彰化縣埤頭鄉合興村斗苑西路32號B,api_僅模糊比對,彰化縣埤頭鄉合興村011鄰文鄉路３２號,彰化縣埤頭鄉合興村斗苑西路32號B,https://www.google.com/maps/search/?api=1&query=%E5%BD%B0%E5%8C%96%E7%B8%A3%E5%9F%A4%E9%A0%AD%E9%84%89%E5%90%88%E8%88%88%E6%9D%91%E6%96%97%E8%8B%91%E8%A5%BF%E8%B7%AF32%E8%99%9FB,,,,
救濟站,RELIEF_288,元埔社區,埤頭鄉,彰化縣埤頭鄉元埔村文化路495巷11號,api_僅模糊比對,彰化縣埤頭鄉元埔村002鄰大埔路１１號,彰化縣埤頭鄉元埔村文化路495巷11號,https://www.google.com/maps/search/?api=1&query=%E5%BD%B0%E5%8C%96%E7%B8%A3%E5%9F%A4%E9%A0%AD%E9%84%89%E5%85%83%E5%9F%94%E6%9D%91%E6%96%87%E5%8C%96%E8%B7%AF495%E5%B7%B711%E8%99%9F,,,,
救濟站,RELIEF_301,民權華德福國中(小),芳苑鄉,彰化縣芳苑鄉五俊村新生巷5-1號,api_僅模糊比對,彰化縣鹿港鎮東石里025鄰鹿工南三路５之１號,彰化縣芳苑鄉五俊村新生巷5-1號,https://www.google.com/maps/search/?api=1&query=%E5%BD%B0%E5%8C%96%E7%B8%A3%E8%8A%B3%E8%8B%91%E9%84%89%E4%BA%94%E4%BF%8A%E6%9D%91%E6%96%B0%E7%94%9F%E5%B7%B75-1%E8%99%9F,,,,
救濟站,RELIEF_308,中華電信公司大城服務處住宿休閒會館中華電信公司大城服務處,大城鄉,彰化縣大城鄉東城村南平路74號,api_僅模糊比對,彰化縣大城鄉東城村002鄰東平路７４號,彰化縣大城鄉東城村南平路74號,https://www.google.com/maps/search/?api=1&query=%E5%BD%B0%E5%8C%96%E7%B8%A3%E5%A4%A7%E5%9F%8E%E9%84%89%E6%9D%B1%E5%9F%8E%E6%9D%91%E5%8D%97%E5%B9%B3%E8%B7%AF74%E8%99%9F,,,,
關懷據點,CARE_006,復興社區發展協會,彰化市,彰化縣彰化市復興里竹和路176-1號,api_僅模糊比對,嘉義市東區北門里007鄰興中街１７６之１號,彰化縣彰化市復興里竹和路176-1號,https://www.google.com/maps/search/?api=1&query=%E5%BD%B0%E5%8C%96%E7%B8%A3%E5%BD%B0%E5%8C%96%E5%B8%82%E5%BE%A9%E8%88%88%E9%87%8C%E7%AB%B9%E5%92%8C%E8%B7%AF176-1%E8%99%9F,,,,
關懷據點,CARE_009,福田社區發展協會,彰化市,彰化縣彰化市福田里福田一路51巷124號,api_僅模糊比對,高雄市苓雅區文昌里016鄰義勇路１２４號,彰化縣彰化市福田里福田一路51巷124號,https://www.google.com/maps/search/?api=1&query=%E5%BD%B0%E5%8C%96%E7%B8%A3%E5%BD%B0%E5%8C%96%E5%B8%82%E7%A6%8F%E7%94%B0%E9%87%8C%E7%A6%8F%E7%94%B0%E4%B8%80%E8%B7%AF51%E5%B7%B7124%E8%99%9F,,,,
關懷據點,CARE_012,向陽社區發展協會,彰化市,彰化縣彰化市向陽里中央路132號,api_無此門牌,,彰化縣彰化市向陽里中央路132號,https://www.google.com/maps/search/?api=1&query=%E5%BD%B0%E5%8C%96%E7%B8%A3%E5%BD%B0%E5%8C%96%E5%B8%82%E5%90%91%E9%99%BD%E9%87%8C%E4%B8%AD%E5%A4%AE%E8%B7%AF132%E8%99%9F,,,,
關懷據點,CARE_015,光復社區發展協會,彰化市,彰化縣彰化市民生路279之3號,api_無此門牌,,彰化縣彰化市民生路279之3號,https://www.google.com/maps/search/?api=1&query=%E5%BD%B0%E5%8C%96%E7%B8%A3%E5%BD%B0%E5%8C%96%E5%B8%82%E6%B0%91%E7%94%9F%E8%B7%AF279%E4%B9%8B3%E8%99%9F,,,,
關懷據點,CARE_017,社團法人彰化縣益康關懷協會,彰化市,彰化縣彰化市金馬路三段539巷26弄6號,api_無此門牌,,彰化縣彰化市金馬路三段539巷26弄6號,https://www.google.com/maps/search/?api=1&query=%E5%BD%B0%E5%8C%96%E7%B8%A3%E5%BD%B0%E5%8C%96%E5%B8%82%E9%87%91%E9%A6%AC%E8%B7%AF%E4%B8%89%E6%AE%B5539%E5%B7%B726%E5%BC%846%E8%99%9F,,,,
關懷據點,CARE_020,尚無關懷長青協會,彰化市,彰化縣彰化市三民路279巷15之5號,api_僅模糊比對,桃園市桃園區中正里013鄰正光路１５之５號,彰化縣彰化市三民路279巷15之5號,https://www.google.com/maps/search/?api=1&query=%E5%BD%B0%E5%8C%96%E7%B8%A3%E5%BD%B0%E5%8C%96%E5%B8%82%E4%B8%89%E6%B0%91%E8%B7%AF279%E5%B7%B715%E4%B9%8B5%E8%99%9F,,,,
關懷據點,CARE_029,南瑤社區發展協會,彰化市,彰化縣彰化市中正路二段675巷33號,api_無此門牌,,彰化縣彰化市中正路二段675巷33號,https://www.google.com/maps/search/?api=1&query=%E5%BD%B0%E5%8C%96%E7%B8%A3%E5%BD%B0%E5%8C%96%E5%B8%82%E4%B8%AD%E6%AD%A3%E8%B7%AF%E4%BA%8C%E6%AE%B5675%E5%B7%B733%E8%99%9F,,,,
關懷據點,CARE_033,永芳社區發展協會,彰化市,彰化縣彰化市永芳路468號,api_僅模糊比對,彰化縣彰化市西興里011鄰辭修路４６８號,彰化縣彰化市永芳路468號,https://www.google.com/maps/search/?api=1&query=%E5%BD%B0%E5%8C%96%E7%B8%A3%E5%BD%B0%E5%8C%96%E5%B8%82%E6%B0%B8%E8%8A%B3%E8%B7%AF468%E8%99%9F,,,,
關懷據點,CARE_040,廟埕大竹社區發展協會,彰化市,彰化縣彰化市竹中路4號,api_僅模糊比對,彰化縣彰化市西興里004鄰中華西路４號,彰化縣彰化市竹中路4號,https://www.google.com/maps/search/?api=1&query=%E5%BD%B0%E5%8C%96%E7%B8%A3%E5%BD%B0%E5%8C%96%E5%B8%82%E7%AB%B9%E4%B8%AD%E8%B7%AF4%E8%99%9F,,,,
關懷據點,CARE_064,惠來社區發展協會,秀水鄉,彰化縣秀水鄉民生街三聖巷15號,api_僅模糊比對,彰化縣秀水鄉福安村013鄰民意街１５號,彰化縣秀水鄉民生街三聖巷15號,https://www.google.com/maps/search/?api=1&query=%E5%BD%B0%E5%8C%96%E7%B8%A3%E7%A7%80%E6%B0%B4%E9%84%89%E6%B0%91%E7%94%9F%E8%A1%97%E4%B8%89%E8%81%96%E5%B7%B715%E8%99%9F,,,,
關懷據點,CARE_081,田洋社區發展協會,大村鄉,彰化縣大村鄉田洋村田洋巷11-2號,api_僅模糊比對,彰化縣線西鄉塭仔村010鄰慶安南三路１１之２號,彰化縣大村鄉田洋村田洋巷11-2號,https://www.google.com/maps/search/?api=1&query=%E5%BD%B0%E5%8C%96%E7%B8%A3%E5%A4%A7%E6%9D%91%E9%84%89%E7%94%B0%E6%B4%8B%E6%9D%91%E7%94%B0%E6%B4%8B%E5%B7%B711-2%E8%99%9F,,,,
關懷據點,CARE_086,新興社區發展協會,大村鄉,彰化縣大村鄉新興村新興巷6-3號,api_僅模糊比對,彰化縣北斗鎮七星里010鄰宮前街６之３號,彰化縣大村鄉新興村新興巷6-3號,https://www.google.com/maps/search/?api=1&query=%E5%BD%B0%E5%8C%96%E7%B8%A3%E5%A4%A7%E6%9D%91%E9%84%89%E6%96%B0%E8%88%88%E6%9D%91%E6%96%B0%E8%88%88%E5%B7%B76-3%E8%99%9F,,,,
關懷據點,CARE_092,山崙社區發展協會,鹿港鎮,彰化縣鹿港鎮山崙里山崙巷52號,api_僅模糊比對,彰化縣鹿港鎮山崙里021鄰崙工北五路５２號,彰化縣鹿港鎮山崙里山崙巷52號,https://www.google.com/maps/search/?api=1&query=%E5%BD%B0%E5%8C%96%E7%B8%A3%E9%B9%BF%E6%B8%AF%E9%8E%AE%E5%B1%B1%E5%B4%99%E9%87%8C%E5%B1%B1%E5%B4%99%E5%B7%B752%E8%99%9F,,,,
關懷據點,CARE_094,景福社區發展協會,鹿港鎮,彰化縣鹿港鎮景福里萬壽路244號,api_僅模糊比對,臺中市西區後龍里019鄰民權路２４４號,彰化縣鹿港鎮景福里萬壽路244號,https://www.google.com/maps/search/?api=1&query=%E5%BD%B0%E5%8C%96%E7%B8%A3%E9%B9%BF%E6%B8%AF%E9%8E%AE%E6%99%AF%E7%A6%8F%E9%87%8C%E8%90%AC%E5%A3%BD%E8%B7%AF244%E8%99%9F,,,,
關懷據點,CARE_095,廟埕東昇社區發展協會,鹿港鎮,彰化縣鹿港鎮東崎里打鐵巷9號,api_僅模糊比對,彰化縣鹿港鎮東崎里027鄰富麗一街９號,彰化縣鹿港鎮東崎里打鐵巷9號,https://www.google.com/maps/search/?api=1&query=%E5%BD%B0%E5%8C%96%E7%B8%A3%E9%B9%BF%E6%B8%AF%E9%8E%AE%E6%9D%B1%E5%B4%8E%E9%87%8C%E6%89%93%E9%90%B5%E5%B7%B79%E8%99%9F,,,,
關懷據點,CARE_116,鐵山社區發展協會,和美鎮,彰化縣和美鎮鐵山里鎮東路190號,api_僅模糊比對,彰化縣和美鎮鐵山里009鄰嘉鐵路１９０號,彰化縣和美鎮鐵山里鎮東路190號,https://www.google.com/maps/search/?api=1&query=%E5%BD%B0%E5%8C%96%E7%B8%A3%E5%92%8C%E7%BE%8E%E9%8E%AE%E9%90%B5%E5%B1%B1%E9%87%8C%E9%8E%AE%E6%9D%B1%E8%B7%AF190%E8%99%9F,,,,
關懷據點,CARE_156,後寮社區發展協會,芳苑鄉,彰化縣芳苑鄉後寮村4鄰寮北巷5號,api_僅模糊比對,彰化縣芳苑鄉後寮村011鄰工區路５號,彰化縣芳苑鄉後寮村4鄰寮北巷5號,https://www.google.com/maps/search/?api=1&query=%E5%BD%B0%E5%8C%96%E7%B8%A3%E8%8A%B3%E8%8B%91%E9%84%89%E5%BE%8C%E5%AF%AE%E6%9D%914%E9%84%B0%E5%AF%AE%E5%8C%97%E5%B7%B75%E8%99%9F,,,,
關懷據點,CARE_171,廟前廣場信義社區發展協會,芳苑鄉,彰化縣芳苑鄉信義村芳新路76號,api_僅模糊比對,新竹縣湖口鄉信勢村003鄰成功路７６號,彰化縣芳苑鄉信義村芳新路76號,https://www.google.com/maps/search/?api=1&query=%E5%BD%B0%E5%8C%96%E7%B8%A3%E8%8A%B3%E8%8B%91%E9%84%89%E4%BF%A1%E7%BE%A9%E6%9D%91%E8%8A%B3%E6%96%B0%E8%B7%AF76%E8%99%9F,,,,
關懷據點,CARE_177,台灣弱勢族群就業促進協會-大城東城村,大城鄉,彰化縣大城鄉東城村大安路40-1號,api_僅模糊比對,屏東縣牡丹鄉東源村002鄰東源路４０之１號,彰化縣大城鄉東城村大安路40-1號,https://www.google.com/maps/search/?api=1&query=%E5%BD%B0%E5%8C%96%E7%B8%A3%E5%A4%A7%E5%9F%8E%E9%84%89%E6%9D%B1%E5%9F%8E%E6%9D%91%E5%A4%A7%E5%AE%89%E8%B7%AF40-1%E8%99%9F,,,,
關懷據點,CARE_177b,彰化縣樂城社會福利協會-公館村,大城鄉,彰化縣大城鄉公館村廟口路1號,api_僅模糊比對,彰化縣大城鄉公館村012鄰大埔路１號,彰化縣大城鄉公館村廟口路1號,https://www.google.com/maps/search/?api=1&query=%E5%BD%B0%E5%8C%96%E7%B8%A3%E5%A4%A7%E5%9F%8E%E9%84%89%E5%85%AC%E9%A4%A8%E6%9D%91%E5%BB%9F%E5%8F%A3%E8%B7%AF1%E8%99%9F,,,,
關懷據點,CARE_203,大饒社區發展協會,員林市,彰化縣員林市大饒里員集路二段244巷119號,api_僅模糊比對,桃園市八德區大福里029鄰天祥街１１９號,彰化縣員林市大饒里員集路二段244巷119號,https://www.google.com/maps/search/?api=1&query=%E5%BD%B0%E5%8C%96%E7%B8%A3%E5%93%A1%E6%9E%97%E5%B8%82%E5%A4%A7%E9%A5%92%E9%87%8C%E5%93%A1%E9%9B%86%E8%B7%AF%E4%BA%8C%E6%AE%B5244%E5%B7%B7119%E8%99%9F,,,,
關懷據點,CARE_212,大峰社區發展協會,員林市,彰化縣員林市大峰里大峰巷326弄1號,api_無此門牌,,彰化縣員林市大峰里大峰巷326弄1號,https://www.google.com/maps/search/?api=1&query=%E5%BD%B0%E5%8C%96%E7%B8%A3%E5%93%A1%E6%9E%97%E5%B8%82%E5%A4%A7%E5%B3%B0%E9%87%8C%E5%A4%A7%E5%B3%B0%E5%B7%B7326%E5%BC%841%E8%99%9F,,,,
關懷據點,CARE_213,出水社區發展協會,員林市,彰化縣員林市出水里（巷）18-1號,api_僅模糊比對,高雄市鳳山區一甲里025鄰南江街１８之１號,彰化縣員林市出水里（巷）18-1號,https://www.google.com/maps/search/?api=1&query=%E5%BD%B0%E5%8C%96%E7%B8%A3%E5%93%A1%E6%9E%97%E5%B8%82%E5%87%BA%E6%B0%B4%E9%87%8C%EF%BC%88%E5%B7%B7%EF%BC%8918-1%E8%99%9F,,,,
關懷據點,CARE_214,浮圳社區發展協會,員林市,彰化縣員林市浮圳巷8-15號,api_無此門牌,,彰化縣員林市浮圳巷8-15號,https://www.google.com/maps/search/?api=1&query=%E5%BD%B0%E5%8C%96%E7%B8%A3%E5%93%A1%E6%9E%97%E5%B8%82%E6%B5%AE%E5%9C%B3%E5%B7%B78-15%E8%99%9F,,,,
關懷據點,CARE_216,教會社團法人彰化縣彰化中會關懷協會和平教會,員林市,彰化縣員林市新興里和平街15-1號,api_無此門牌,,彰化縣員林市新興里和平街15-1號,https://www.google.com/maps/search/?api=1&query=%E5%BD%B0%E5%8C%96%E7%B8%A3%E5%93%A1%E6%9E%97%E5%B8%82%E6%96%B0%E8%88%88%E9%87%8C%E5%92%8C%E5%B9%B3%E8%A1%9715-1%E8%99%9F,,,,
關懷據點,CARE_228,(租賃)社頭社區發展協會,社頭鄉,彰化縣社頭鄉社頭村員集路二段372號,api_僅模糊比對,彰化縣田中鎮東路里008鄰員集路二段３７２號,彰化縣社頭鄉社頭村員集路二段372號,https://www.google.com/maps/search/?api=1&query=%E5%BD%B0%E5%8C%96%E7%B8%A3%E7%A4%BE%E9%A0%AD%E9%84%89%E7%A4%BE%E9%A0%AD%E6%9D%91%E5%93%A1%E9%9B%86%E8%B7%AF%E4%BA%8C%E6%AE%B5372%E8%99%9F,,,,
關懷據點,CARE_229,租善德禪寺彰化縣山腳文化慈愛關懷協會,社頭鄉,彰化縣社頭鄉泰安村石坑二巷14號,api_僅模糊比對,彰化縣社頭鄉泰安村010鄰山腳路三段１４號,彰化縣社頭鄉泰安村石坑二巷14號,https://www.google.com/maps/search/?api=1&query=%E5%BD%B0%E5%8C%96%E7%B8%A3%E7%A4%BE%E9%A0%AD%E9%84%89%E6%B3%B0%E5%AE%89%E6%9D%91%E7%9F%B3%E5%9D%91%E4%BA%8C%E5%B7%B714%E8%99%9F,,,,
關懷據點,CARE_238,五汴社區發展協會,永靖鄉,彰化縣永靖鄉五汴村五汴巷1號,api_僅模糊比對,彰化縣員林市惠來里005鄰中山南路１號,彰化縣永靖鄉五汴村五汴巷1號,https://www.google.com/maps/search/?api=1&query=%E5%BD%B0%E5%8C%96%E7%B8%A3%E6%B0%B8%E9%9D%96%E9%84%89%E4%BA%94%E6%B1%B4%E6%9D%91%E4%BA%94%E6%B1%B4%E5%B7%B71%E8%99%9F,,,,
關懷據點,CARE_251,西寮社區發展協會,溪湖鎮,彰化縣溪湖鎮員鹿路4段269-1號,api_僅模糊比對,彰化縣溪湖鎮平和里002鄰彰水路三段２６９之１號,彰化縣溪湖鎮員鹿路4段269-1號,https://www.google.com/maps/search/?api=1&query=%E5%BD%B0%E5%8C%96%E7%B8%A3%E6%BA%AA%E6%B9%96%E9%8E%AE%E5%93%A1%E9%B9%BF%E8%B7%AF4%E6%AE%B5269-1%E8%99%9F,,,,
關懷據點,CARE_258,中竹社區發展協會,溪湖鎮,彰化縣溪湖鎮竹福路181號,api_僅模糊比對,彰化縣溪湖鎮湖東里028鄰大溪路二段１８１號,彰化縣溪湖鎮竹福路181號,https://www.google.com/maps/search/?api=1&query=%E5%BD%B0%E5%8C%96%E7%B8%A3%E6%BA%AA%E6%B9%96%E9%8E%AE%E7%AB%B9%E7%A6%8F%E8%B7%AF181%E8%99%9F,,,,
關懷據點,CARE_259,彰化縣溪湖鎮藝文館後棟研習教室光華社區發展協會,溪湖鎮,彰化縣溪湖鎮員鹿路三段245號,api_無此門牌,,彰化縣溪湖鎮員鹿路三段245號,https://www.google.com/maps/search/?api=1&query=%E5%BD%B0%E5%8C%96%E7%B8%A3%E6%BA%AA%E6%B9%96%E9%8E%AE%E5%93%A1%E9%B9%BF%E8%B7%AF%E4%B8%89%E6%AE%B5245%E8%99%9F,,,,
關懷據點,CARE_261,是河東社區發展協會,溪湖鎮,彰化縣溪湖鎮河東里河東路281號,api_僅模糊比對,彰化縣溪湖鎮河東里004鄰二溪路二段２８１號,彰化縣溪湖鎮河東里河東路281號,https://www.google.com/maps/search/?api=1&query=%E5%BD%B0%E5%8C%96%E7%B8%A3%E6%BA%AA%E6%B9%96%E9%8E%AE%E6%B2%B3%E6%9D%B1%E9%87%8C%E6%B2%B3%E6%9D%B1%E8%B7%AF281%E8%99%9F,,,,
關懷據點,CARE_278,縣府公有土地建築物文昌社區發展協會,北斗鎮,彰化縣北斗鎮文昌里復興路300號,api_僅模糊比對,彰化縣鹿港鎮永安里030鄰復興路３００號,彰化縣北斗鎮文昌里復興路300號,https://www.google.com/maps/search/?api=1&query=%E5%BD%B0%E5%8C%96%E7%B8%A3%E5%8C%97%E6%96%97%E9%8E%AE%E6%96%87%E6%98%8C%E9%87%8C%E5%BE%A9%E8%88%88%E8%B7%AF300%E8%99%9F,,,,
關懷據點,CARE_293,陸嘉社區發展協會,埤頭鄉,彰化縣埤頭鄉陸嘉村中華路434號,api_僅模糊比對,彰化縣田中鎮中路里017鄰中南路三段４３４號,彰化縣埤頭鄉陸嘉村中華路434號,https://www.google.com/maps/search/?api=1&query=%E5%BD%B0%E5%8C%96%E7%B8%A3%E5%9F%A4%E9%A0%AD%E9%84%89%E9%99%B8%E5%98%89%E6%9D%91%E4%B8%AD%E8%8F%AF%E8%B7%AF434%E8%99%9F,,,,
關懷據點,CARE_295,廟埕大庄社區發展協會,溪州鄉,彰化縣溪州鄉大庄村東橫巷2-1號,api_僅模糊比對,彰化縣田尾鄉陸豐村001鄰民生路三段２之１號,彰化縣溪州鄉大庄村東橫巷2-1號,https://www.google.com/maps/search/?api=1&query=%E5%BD%B0%E5%8C%96%E7%B8%A3%E6%BA%AA%E5%B7%9E%E9%84%89%E5%A4%A7%E5%BA%84%E6%9D%91%E6%9D%B1%E6%A9%AB%E5%B7%B72-1%E8%99%9F,,,,
關懷據點,CARE_297,之活動中心三圳社區發展協會,溪州鄉,彰化縣溪州鄉三圳村庄內巷42號,api_僅模糊比對,彰化縣花壇鄉三春村002鄰溪埔路４２號,彰化縣溪州鄉三圳村庄內巷42號,https://www.google.com/maps/search/?api=1&query=%E5%BD%B0%E5%8C%96%E7%B8%A3%E6%BA%AA%E5%B7%9E%E9%84%89%E4%B8%89%E5%9C%B3%E6%9D%91%E5%BA%84%E5%85%A7%E5%B7%B742%E8%99%9F,,,,
關懷據點,CARE_299,榮光社區發展協會,溪州鄉,彰化縣溪州鄉榮光村政民路27-2號,api_僅模糊比對,高雄市新興區成功里006鄰興華路２７之２號,彰化縣溪州鄉榮光村政民路27-2號,https://www.google.com/maps/search/?api=1&query=%E5%BD%B0%E5%8C%96%E7%B8%A3%E6%BA%AA%E5%B7%9E%E9%84%89%E6%A6%AE%E5%85%89%E6%9D%91%E6%94%BF%E6%B0%91%E8%B7%AF27-2%E8%99%9F,,,,
關懷據點,CARE_313,溪墘社區發展協會,竹塘鄉,彰化縣竹塘鄉彰175鄉道21號,api_無此門牌,,彰化縣竹塘鄉彰175鄉道21號,https://www.google.com/maps/search/?api=1&query=%E5%BD%B0%E5%8C%96%E7%B8%A3%E7%AB%B9%E5%A1%98%E9%84%89%E5%BD%B0175%E9%84%89%E9%81%9321%E8%99%9F,,,,
關懷據點,CARE_316,西庄社區發展協會,二林鎮,彰化縣二林鎮同安巷80-1號,api_無此門牌,,彰化縣二林鎮同安巷80-1號,https://www.google.com/maps/search/?api=1&query=%E5%BD%B0%E5%8C%96%E7%B8%A3%E4%BA%8C%E6%9E%97%E9%8E%AE%E5%90%8C%E5%AE%89%E5%B7%B780-1%E8%99%9F,,,,
關懷據點,CARE_320,教會內財團法人天主教會台中教區（二林天主堂）,二林鎮,彰化縣二林鎮東和里中山路2號,api_僅模糊比對,彰化縣二林鎮東和里007鄰中正路２號,彰化縣二林鎮東和里中山路2號,https://www.google.com/maps/search/?api=1&query=%E5%BD%B0%E5%8C%96%E7%B8%A3%E4%BA%8C%E6%9E%97%E9%8E%AE%E6%9D%B1%E5%92%8C%E9%87%8C%E4%B8%AD%E5%B1%B1%E8%B7%AF2%E8%99%9F,,,,
關懷據點,CARE_324,東興社區發展協會,二林鎮,彰化縣二林鎮福建巷45-1號,api_無此門牌,,彰化縣二林鎮福建巷45-1號,https://www.google.com/maps/search/?api=1&query=%E5%BD%B0%E5%8C%96%E7%B8%A3%E4%BA%8C%E6%9E%97%E9%8E%AE%E7%A6%8F%E5%BB%BA%E5%B7%B745-1%E8%99%9F,,,,
關懷據點,CARE_325,復豐社區發展協會,二林鎮,彰化縣二林鎮復豐里𥕟磘巷17號,api_僅模糊比對,彰化縣二林鎮復豐里002鄰原竹路１７號,彰化縣二林鎮復豐里𥕟磘巷17號,https://www.google.com/maps/search/?api=1&query=%E5%BD%B0%E5%8C%96%E7%B8%A3%E4%BA%8C%E6%9E%97%E9%8E%AE%E5%BE%A9%E8%B1%90%E9%87%8C%F0%A5%95%9F%E7%A3%98%E5%B7%B717%E8%99%9F,,,,
關懷據點,CARE_328,東勢社區發展協會,二林鎮,彰化縣二林鎮面前巷2-20號,api_無此門牌,,彰化縣二林鎮面前巷2-20號,https://www.google.com/maps/search/?api=1&query=%E5%BD%B0%E5%8C%96%E7%B8%A3%E4%BA%8C%E6%9E%97%E9%8E%AE%E9%9D%A2%E5%89%8D%E5%B7%B72-20%E8%99%9F,,,,
關懷據點,CARE_329,頂潭社區發展協會,田中鎮,彰化縣田中鎮頂潭里崁頂路143號,api_僅模糊比對,嘉義縣太保市春珠里007鄰春珠１４３號,彰化縣田中鎮頂潭里崁頂路143號,https://www.google.com/maps/search/?api=1&query=%E5%BD%B0%E5%8C%96%E7%B8%A3%E7%94%B0%E4%B8%AD%E9%8E%AE%E9%A0%82%E6%BD%AD%E9%87%8C%E5%B4%81%E9%A0%82%E8%B7%AF143%E8%99%9F,,,,
關懷據點,CARE_330,新民社區發展協會,田中鎮,彰化縣田中鎮新民里公館路258號,api_僅模糊比對,彰化縣田中鎮新民里003鄰沙崙路２５８號,彰化縣田中鎮新民里公館路258號,https://www.google.com/maps/search/?api=1&query=%E5%BD%B0%E5%8C%96%E7%B8%A3%E7%94%B0%E4%B8%AD%E9%8E%AE%E6%96%B0%E6%B0%91%E9%87%8C%E5%85%AC%E9%A4%A8%E8%B7%AF258%E8%99%9F,,,,
關懷據點,CARE_333,大崙社區發展協會,田中鎮,彰化縣田中鎮大崙里大安路二段320號,api_僅模糊比對,嘉義縣朴子市大鄉里018鄰大槺榔３２０號,彰化縣田中鎮大崙里大安路二段320號,https://www.google.com/maps/search/?api=1&query=%E5%BD%B0%E5%8C%96%E7%B8%A3%E7%94%B0%E4%B8%AD%E9%8E%AE%E5%A4%A7%E5%B4%99%E9%87%8C%E5%A4%A7%E5%AE%89%E8%B7%AF%E4%BA%8C%E6%AE%B5320%E8%99%9F,,,,
關懷據點,CARE_338,中潭社區發展協會,田中鎮,彰化縣田中鎮中潭里員集路三段125巷255號,api_僅模糊比對,新竹市香山區中埔里006鄰牛埔路２５５號,彰化縣田中鎮中潭里員集路三段125巷255號,https://www.google.com/maps/search/?api=1&query=%E5%BD%B0%E5%8C%96%E7%B8%A3%E7%94%B0%E4%B8%AD%E9%8E%AE%E4%B8%AD%E6%BD%AD%E9%87%8C%E5%93%A1%E9%9B%86%E8%B7%AF%E4%B8%89%E6%AE%B5125%E5%B7%B7255%E8%99%9F,,,,
關懷據點,CARE_341,新庄社區發展協會,田中鎮,彰化縣田中鎮新庄里中山街134號,api_僅模糊比對,彰化縣田中鎮新庄里007鄰居仁街１３４號,彰化縣田中鎮新庄里中山街134號,https://www.google.com/maps/search/?api=1&query=%E5%BD%B0%E5%8C%96%E7%B8%A3%E7%94%B0%E4%B8%AD%E9%8E%AE%E6%96%B0%E5%BA%84%E9%87%8C%E4%B8%AD%E5%B1%B1%E8%A1%97134%E8%99%9F,,,,
關懷據點,CARE_351,北鎮社區發展協會,田尾鄉,彰化縣田尾鄉北鎮村平和路二段151號,api_僅模糊比對,彰化縣田尾鄉饒平村019鄰中山路一段１５１號,彰化縣田尾鄉北鎮村平和路二段151號,https://www.google.com/maps/search/?api=1&query=%E5%BD%B0%E5%8C%96%E7%B8%A3%E7%94%B0%E5%B0%BE%E9%84%89%E5%8C%97%E9%8E%AE%E6%9D%91%E5%B9%B3%E5%92%8C%E8%B7%AF%E4%BA%8C%E6%AE%B5151%E8%99%9F,,,,
關懷據點,CARE_367,合和社區發展協會,二水鄉,彰化縣二水鄉合和村番田二巷17號,api_僅模糊比對,彰化縣埔心鄉東門村014鄰正大路１７號,彰化縣二水鄉合和村番田二巷17號,https://www.google.com/maps/search/?api=1&query=%E5%BD%B0%E5%8C%96%E7%B8%A3%E4%BA%8C%E6%B0%B4%E9%84%89%E5%90%88%E5%92%8C%E6%9D%91%E7%95%AA%E7%94%B0%E4%BA%8C%E5%B7%B717%E8%99%9F,,,,
關懷據點,CARE_369,源泉社區發展協會,二水鄉,彰化縣二水鄉月眉巷1-1號,api_無此門牌,,彰化縣二水鄉月眉巷1-1號,https://www.google.com/maps/search/?api=1&query=%E5%BD%B0%E5%8C%96%E7%B8%A3%E4%BA%8C%E6%B0%B4%E9%84%89%E6%9C%88%E7%9C%89%E5%B7%B71-1%E8%99%9F,,,,
關懷據點,CARE_373,惠民社區發展協會,二水鄉,彰化縣二水鄉惠民村山腳路一段223巷42弄32-1號,api_無此門牌,,彰化縣二水鄉惠民村山腳路一段223巷42弄32-1號,https://www.google.com/maps/search/?api=1&query=%E5%BD%B0%E5%8C%96%E7%B8%A3%E4%BA%8C%E6%B0%B4%E9%84%89%E6%83%A0%E6%B0%91%E6%9D%91%E5%B1%B1%E8%85%B3%E8%B7%AF%E4%B8%80%E6%AE%B5223%E5%B7%B742%E5%BC%8432-1%E8%99%9F,,,,
社區發展協會,CASSOC_006,塭仔社區發展協會,線西鄉,彰化縣線西鄉塭仔村塭仔路141號,api_無此門牌,,彰化縣線西鄉塭仔村塭仔路141號,https://www.google.com/maps/search/?api=1&query=%E5%BD%B0%E5%8C%96%E7%B8%A3%E7%B7%9A%E8%A5%BF%E9%84%89%E5%A1%AD%E4%BB%94%E6%9D%91%E5%A1%AD%E4%BB%94%E8%B7%AF141%E8%99%9F,,,,
社區發展協會,CASSOC_009,福興社區發展協會,福興鄉,彰化縣福興鄉福興村50-1號,api_僅模糊比對,新北市汐止區北峰里024鄰民族五街５０之１號,彰化縣福興鄉福興村50-1號,https://www.google.com/maps/search/?api=1&query=%E5%BD%B0%E5%8C%96%E7%B8%A3%E7%A6%8F%E8%88%88%E9%84%89%E7%A6%8F%E8%88%88%E6%9D%9150-1%E8%99%9F,,,,
社區發展協會,CASSOC_016,同安社區發展協會,福興鄉,彰化縣福興鄉福興鄉同安村33-7號,api_僅模糊比對,宜蘭縣羅東鎮集祥里017鄰公正街３３之７號,彰化縣福興鄉福興鄉同安村33-7號,https://www.google.com/maps/search/?api=1&query=%E5%BD%B0%E5%8C%96%E7%B8%A3%E7%A6%8F%E8%88%88%E9%84%89%E7%A6%8F%E8%88%88%E9%84%89%E5%90%8C%E5%AE%89%E6%9D%9133-7%E8%99%9F,,,,
社區發展協會,CASSOC_022,元中社區發展協會,福興鄉,彰化縣福興鄉橫圳巷10-18號,api_無此門牌,,彰化縣福興鄉橫圳巷10-18號,https://www.google.com/maps/search/?api=1&query=%E5%BD%B0%E5%8C%96%E7%B8%A3%E7%A6%8F%E8%88%88%E9%84%89%E6%A9%AB%E5%9C%B3%E5%B7%B710-18%E8%99%9F,,,,
社區發展協會,CASSOC_023,外中社區發展協會,福興鄉,彰化縣福興鄉外中村外中街50號,api_僅模糊比對,屏東縣麟洛鄉田中村010鄰延和街５０號,彰化縣福興鄉外中村外中街50號,https://www.google.com/maps/search/?api=1&query=%E5%BD%B0%E5%8C%96%E7%B8%A3%E7%A6%8F%E8%88%88%E9%84%89%E5%A4%96%E4%B8%AD%E6%9D%91%E5%A4%96%E4%B8%AD%E8%A1%9750%E8%99%9F,,,,
社區發展協會,CASSOC_033,中正社區發展協會,彰化市,彰化縣彰化市同上,not_addressable,,彰化縣彰化市中正社區發展協會,https://www.google.com/maps/search/?api=1&query=%E5%BD%B0%E5%8C%96%E7%B8%A3%E5%BD%B0%E5%8C%96%E5%B8%82%E4%B8%AD%E6%AD%A3%E7%A4%BE%E5%8D%80%E7%99%BC%E5%B1%95%E5%8D%94%E6%9C%83,,,,
社區發展協會,CASSOC_034,田中社區發展協會,彰化市,彰化縣彰化市同上,not_addressable,,彰化縣彰化市田中社區發展協會,https://www.google.com/maps/search/?api=1&query=%E5%BD%B0%E5%8C%96%E7%B8%A3%E5%BD%B0%E5%8C%96%E5%B8%82%E7%94%B0%E4%B8%AD%E7%A4%BE%E5%8D%80%E7%99%BC%E5%B1%95%E5%8D%94%E6%9C%83,,,,
社區發展協會,CASSOC_039,茄苳社區發展協會,彰化市,彰化縣彰化市茄苳里茄苳莊45-10號,api_無此門牌,,彰化縣彰化市茄苳里茄苳莊45-10號,https://www.google.com/maps/search/?api=1&query=%E5%BD%B0%E5%8C%96%E7%B8%A3%E5%BD%B0%E5%8C%96%E5%B8%82%E8%8C%84%E8%8B%B3%E9%87%8C%E8%8C%84%E8%8B%B3%E8%8E%8A45-10%E8%99%9F,,,,
社區發展協會,CASSOC_042,大竹社區發展協會,彰化市,彰化縣彰化市大竹里40-1號,api_無此門牌,,彰化縣彰化市大竹里40-1號,https://www.google.com/maps/search/?api=1&query=%E5%BD%B0%E5%8C%96%E7%B8%A3%E5%BD%B0%E5%8C%96%E5%B8%82%E5%A4%A7%E7%AB%B9%E9%87%8C40-1%E8%99%9F,,,,
社區發展協會,CASSOC_051,阿夷社區發展協會,彰化市,彰化縣彰化市阿夷里泰和路2段211之1號,api_僅模糊比對,彰化縣彰化市磚磘里007鄰水尾一路２１１之１號,彰化縣彰化市阿夷里泰和路2段211之1號,https://www.google.com/maps/search/?api=1&query=%E5%BD%B0%E5%8C%96%E7%B8%A3%E5%BD%B0%E5%8C%96%E5%B8%82%E9%98%BF%E5%A4%B7%E9%87%8C%E6%B3%B0%E5%92%8C%E8%B7%AF2%E6%AE%B5211%E4%B9%8B1%E8%99%9F,,,,
社區發展協會,CASSOC_052,復興社區發展協會,彰化市,彰化縣彰化市彰化市竹和路176-1號,api_僅模糊比對,彰化縣彰化市介壽里016鄰介壽北路１７６之１號,彰化縣彰化市彰化市竹和路176-1號,https://www.google.com/maps/search/?api=1&query=%E5%BD%B0%E5%8C%96%E7%B8%A3%E5%BD%B0%E5%8C%96%E5%B8%82%E5%BD%B0%E5%8C%96%E5%B8%82%E7%AB%B9%E5%92%8C%E8%B7%AF176-1%E8%99%9F,,,,
社區發展協會,CASSOC_055,卦山社區發展協會,彰化市,彰化縣彰化市彰化市旭光路39號3樓,api_僅模糊比對,彰化縣彰化市成功里018鄰旭光西路３９號,彰化縣彰化市彰化市旭光路39號3樓,https://www.google.com/maps/search/?api=1&query=%E5%BD%B0%E5%8C%96%E7%B8%A3%E5%BD%B0%E5%8C%96%E5%B8%82%E5%BD%B0%E5%8C%96%E5%B8%82%E6%97%AD%E5%85%89%E8%B7%AF39%E8%99%9F3%E6%A8%93,,,,
社區發展協會,CASSOC_063,興北社區發展協會,彰化市,彰化縣彰化市無,not_addressable,,彰化縣彰化市興北社區發展協會,https://www.google.com/maps/search/?api=1&query=%E5%BD%B0%E5%8C%96%E7%B8%A3%E5%BD%B0%E5%8C%96%E5%B8%82%E8%88%88%E5%8C%97%E7%A4%BE%E5%8D%80%E7%99%BC%E5%B1%95%E5%8D%94%E6%9C%83,,,,
社區發展協會,CASSOC_064,光復社區發展協會,彰化市,彰化縣彰化市民生路281-5號,api_僅模糊比對,澎湖縣馬公市西文里021鄰西文澳２８１之５號,彰化縣彰化市民生路281-5號,https://www.google.com/maps/search/?api=1&query=%E5%BD%B0%E5%8C%96%E7%B8%A3%E5%BD%B0%E5%8C%96%E5%B8%82%E6%B0%91%E7%94%9F%E8%B7%AF281-5%E8%99%9F,,,,
社區發展協會,CASSOC_065,中山社區發展協會,彰化市,彰化縣彰化市無,not_addressable,,彰化縣彰化市中山社區發展協會,https://www.google.com/maps/search/?api=1&query=%E5%BD%B0%E5%8C%96%E7%B8%A3%E5%BD%B0%E5%8C%96%E5%B8%82%E4%B8%AD%E5%B1%B1%E7%A4%BE%E5%8D%80%E7%99%BC%E5%B1%95%E5%8D%94%E6%9C%83,,,,
社區發展協會,CASSOC_067,信義社區發展協會,彰化市,彰化縣彰化市民生路279-3號,api_無此門牌,,彰化縣彰化市民生路279-3號,https://www.google.com/maps/search/?api=1&query=%E5%BD%B0%E5%8C%96%E7%B8%A3%E5%BD%B0%E5%8C%96%E5%B8%82%E6%B0%91%E7%94%9F%E8%B7%AF279-3%E8%99%9F,,,,
社區發展協會,CASSOC_073,南美社區發展協會,彰化市,彰化縣彰化市社區自行興建,not_addressable,,彰化縣彰化市南美社區發展協會,https://www.google.com/maps/search/?api=1&query=%E5%BD%B0%E5%8C%96%E7%B8%A3%E5%BD%B0%E5%8C%96%E5%B8%82%E5%8D%97%E7%BE%8E%E7%A4%BE%E5%8D%80%E7%99%BC%E5%B1%95%E5%8D%94%E6%9C%83,,,,
社區發展協會,CASSOC_075,永興社區發展協會,彰化市,彰化縣彰化市磚瑤里彰南路443巷44弄15號,api_無此門牌,,彰化縣彰化市磚瑤里彰南路443巷44弄15號,https://www.google.com/maps/search/?api=1&query=%E5%BD%B0%E5%8C%96%E7%B8%A3%E5%BD%B0%E5%8C%96%E5%B8%82%E7%A3%9A%E7%91%A4%E9%87%8C%E5%BD%B0%E5%8D%97%E8%B7%AF443%E5%B7%B744%E5%BC%8415%E8%99%9F,,,,
社區發展協會,CASSOC_076,永芳社區發展協會,彰化市,彰化縣彰化市東芳里永芳路468號,api_僅模糊比對,屏東縣東港鎮東新里012鄰中正路二段４６８號,彰化縣彰化市東芳里永芳路468號,https://www.google.com/maps/search/?api=1&query=%E5%BD%B0%E5%8C%96%E7%B8%A3%E5%BD%B0%E5%8C%96%E5%B8%82%E6%9D%B1%E8%8A%B3%E9%87%8C%E6%B0%B8%E8%8A%B3%E8%B7%AF468%E8%99%9F,,,,
社區發展協會,CASSOC_086,崙平社區發展協會,彰化市,彰化縣彰化市平和里38號之1,api_僅模糊比對,臺南市南區彰南里003鄰新愛路３８號之１,彰化縣彰化市平和里38號之1,https://www.google.com/maps/search/?api=1&query=%E5%BD%B0%E5%8C%96%E7%B8%A3%E5%BD%B0%E5%8C%96%E5%B8%82%E5%B9%B3%E5%92%8C%E9%87%8C38%E8%99%9F%E4%B9%8B1,,,,
社區發展協會,CASSOC_093,華陽社區發展協會,彰化市,彰化縣彰化市彰化市旭光路39號3樓,api_僅模糊比對,彰化縣彰化市成功里018鄰旭光西路３９號,彰化縣彰化市彰化市旭光路39號3樓,https://www.google.com/maps/search/?api=1&query=%E5%BD%B0%E5%8C%96%E7%B8%A3%E5%BD%B0%E5%8C%96%E5%B8%82%E5%BD%B0%E5%8C%96%E5%B8%82%E6%97%AD%E5%85%89%E8%B7%AF39%E8%99%9F3%E6%A8%93,,,,
社區發展協會,CASSOC_094,光南社區發展協會,彰化市,彰化縣彰化市彰化市旭光路39號3樓,api_僅模糊比對,彰化縣彰化市成功里018鄰旭光西路３９號,彰化縣彰化市彰化市旭光路39號3樓,https://www.google.com/maps/search/?api=1&query=%E5%BD%B0%E5%8C%96%E7%B8%A3%E5%BD%B0%E5%8C%96%E5%B8%82%E5%BD%B0%E5%8C%96%E5%B8%82%E6%97%AD%E5%85%89%E8%B7%AF39%E8%99%9F3%E6%A8%93,,,,
社區發展協會,CASSOC_097,福安社區發展協會,彰化市,彰化縣彰化市無,not_addressable,,彰化縣彰化市福安社區發展協會,https://www.google.com/maps/search/?api=1&query=%E5%BD%B0%E5%8C%96%E7%B8%A3%E5%BD%B0%E5%8C%96%E5%B8%82%E7%A6%8F%E5%AE%89%E7%A4%BE%E5%8D%80%E7%99%BC%E5%B1%95%E5%8D%94%E6%9C%83,,,,
社區發展協會,CASSOC_101,南瑤社區發展協會,彰化市,彰化縣彰化市中正路二段675巷33號,api_無此門牌,,彰化縣彰化市中正路二段675巷33號,https://www.google.com/maps/search/?api=1&query=%E5%BD%B0%E5%8C%96%E7%B8%A3%E5%BD%B0%E5%8C%96%E5%B8%82%E4%B8%AD%E6%AD%A3%E8%B7%AF%E4%BA%8C%E6%AE%B5675%E5%B7%B733%E8%99%9F,,,,
社區發展協會,CASSOC_104,東興社區發展協會,彰化市,彰化縣彰化市彰化市旭光路39號3樓,api_僅模糊比對,彰化縣彰化市成功里018鄰旭光西路３９號,彰化縣彰化市彰化市旭光路39號3樓,https://www.google.com/maps/search/?api=1&query=%E5%BD%B0%E5%8C%96%E7%B8%A3%E5%BD%B0%E5%8C%96%E5%B8%82%E5%BD%B0%E5%8C%96%E5%B8%82%E6%97%AD%E5%85%89%E8%B7%AF39%E8%99%9F3%E6%A8%93,,,,
社區發展協會,CASSOC_105,華北社區發展協會,彰化市,彰化縣彰化市彰化市旭光路39號3樓,api_僅模糊比對,彰化縣彰化市成功里018鄰旭光西路３９號,彰化縣彰化市彰化市旭光路39號3樓,https://www.google.com/maps/search/?api=1&query=%E5%BD%B0%E5%8C%96%E7%B8%A3%E5%BD%B0%E5%8C%96%E5%B8%82%E5%BD%B0%E5%8C%96%E5%B8%82%E6%97%AD%E5%85%89%E8%B7%AF39%E8%99%9F3%E6%A8%93,,,,
社區發展協會,CASSOC_117,河東社區發展協會,溪湖鎮,彰化縣溪湖鎮河東路281號,api_僅模糊比對,彰化縣溪湖鎮平和里002鄰彰水路三段２８１號,彰化縣溪湖鎮河東路281號,https://www.google.com/maps/search/?api=1&query=%E5%BD%B0%E5%8C%96%E7%B8%A3%E6%BA%AA%E6%B9%96%E9%8E%AE%E6%B2%B3%E6%9D%B1%E8%B7%AF281%E8%99%9F,,,,
社區發展協會,CASSOC_121,中竹社區發展協會,溪湖鎮,彰化縣溪湖鎮竹福路181號,api_僅模糊比對,彰化縣溪湖鎮湖東里028鄰大溪路二段１８１號,彰化縣溪湖鎮竹福路181號,https://www.google.com/maps/search/?api=1&query=%E5%BD%B0%E5%8C%96%E7%B8%A3%E6%BA%AA%E6%B9%96%E9%8E%AE%E7%AB%B9%E7%A6%8F%E8%B7%AF181%E8%99%9F,,,,
社區發展協會,CASSOC_129,田中社區發展協會,溪湖鎮,彰化縣溪湖鎮田中里田中巷216號,api_僅模糊比對,彰化縣芬園鄉同安村009鄰大彰路三段２１６號,彰化縣溪湖鎮田中里田中巷216號,https://www.google.com/maps/search/?api=1&query=%E5%BD%B0%E5%8C%96%E7%B8%A3%E6%BA%AA%E6%B9%96%E9%8E%AE%E7%94%B0%E4%B8%AD%E9%87%8C%E7%94%B0%E4%B8%AD%E5%B7%B7216%E8%99%9F,,,,
社區發展協會,CASSOC_132,三條社區發展協會,溪州鄉,彰化縣溪州鄉三條村九甲一巷4號,api_僅模糊比對,彰化縣鹿港鎮頂番里003鄰頂草路一段４號,彰化縣溪州鄉三條村九甲一巷4號,https://www.google.com/maps/search/?api=1&query=%E5%BD%B0%E5%8C%96%E7%B8%A3%E6%BA%AA%E5%B7%9E%E9%84%89%E4%B8%89%E6%A2%9D%E6%9D%91%E4%B9%9D%E7%94%B2%E4%B8%80%E5%B7%B74%E8%99%9F,,,,
社區發展協會,CASSOC_146,榮光社區發展協會,溪州鄉,彰化縣溪州鄉榮光村政民路27-2號,api_僅模糊比對,高雄市新興區成功里006鄰興華路２７之２號,彰化縣溪州鄉榮光村政民路27-2號,https://www.google.com/maps/search/?api=1&query=%E5%BD%B0%E5%8C%96%E7%B8%A3%E6%BA%AA%E5%B7%9E%E9%84%89%E6%A6%AE%E5%85%89%E6%9D%91%E6%94%BF%E6%B0%91%E8%B7%AF27-2%E8%99%9F,,,,
社區發展協會,CASSOC_151,草中社區發展協會,鹿港鎮,彰化縣鹿港鎮草中里(巷)174號,api_僅模糊比對,彰化縣二林鎮大永里001鄰萬原路一段１７４號,彰化縣鹿港鎮草中里(巷)174號,https://www.google.com/maps/search/?api=1&query=%E5%BD%B0%E5%8C%96%E7%B8%A3%E9%B9%BF%E6%B8%AF%E9%8E%AE%E8%8D%89%E4%B8%AD%E9%87%8C%28%E5%B7%B7%29174%E8%99%9F,,,,
社區發展協會,CASSOC_153,頭崙社區發展協會,鹿港鎮,彰化縣鹿港鎮頭崙社區活動中心,not_addressable,,彰化縣鹿港鎮頭崙社區發展協會,https://www.google.com/maps/search/?api=1&query=%E5%BD%B0%E5%8C%96%E7%B8%A3%E9%B9%BF%E6%B8%AF%E9%8E%AE%E9%A0%AD%E5%B4%99%E7%A4%BE%E5%8D%80%E7%99%BC%E5%B1%95%E5%8D%94%E6%9C%83,,,,
社區發展協會,CASSOC_159,南勢社區發展協會,鹿港鎮,彰化縣鹿港鎮南勢社區活動中心,not_addressable,,彰化縣鹿港鎮南勢社區發展協會,https://www.google.com/maps/search/?api=1&query=%E5%BD%B0%E5%8C%96%E7%B8%A3%E9%B9%BF%E6%B8%AF%E9%8E%AE%E5%8D%97%E5%8B%A2%E7%A4%BE%E5%8D%80%E7%99%BC%E5%B1%95%E5%8D%94%E6%9C%83,,,,
社區發展協會,CASSOC_161,山寮社區發展協會,鹿港鎮,彰化縣鹿港鎮鄧安宮廣場,not_addressable,,彰化縣鹿港鎮山寮社區發展協會,https://www.google.com/maps/search/?api=1&query=%E5%BD%B0%E5%8C%96%E7%B8%A3%E9%B9%BF%E6%B8%AF%E9%8E%AE%E5%B1%B1%E5%AF%AE%E7%A4%BE%E5%8D%80%E7%99%BC%E5%B1%95%E5%8D%94%E6%9C%83,,,,
社區發展協會,CASSOC_164,東昇社區發展協會,鹿港鎮,彰化縣鹿港鎮東崎里打鐵厝(巷)9號,api_無此門牌,,彰化縣鹿港鎮東崎里打鐵厝(巷)9號,https://www.google.com/maps/search/?api=1&query=%E5%BD%B0%E5%8C%96%E7%B8%A3%E9%B9%BF%E6%B8%AF%E9%8E%AE%E6%9D%B1%E5%B4%8E%E9%87%8C%E6%89%93%E9%90%B5%E5%8E%9D%28%E5%B7%B7%299%E8%99%9F,,,,
社區發展協會,CASSOC_168,學子社區發展協會,鹿港鎮,彰化縣鹿港鎮無,not_addressable,,彰化縣鹿港鎮學子社區發展協會,https://www.google.com/maps/search/?api=1&query=%E5%BD%B0%E5%8C%96%E7%B8%A3%E9%B9%BF%E6%B8%AF%E9%8E%AE%E5%AD%B8%E5%AD%90%E7%A4%BE%E5%8D%80%E7%99%BC%E5%B1%95%E5%8D%94%E6%9C%83,,,,
社區發展協會,CASSOC_169,景福社區發展協會,鹿港鎮,彰化縣鹿港鎮景福里萬壽路244號,api_僅模糊比對,臺中市西區後龍里019鄰民權路２４４號,彰化縣鹿港鎮景福里萬壽路244號,https://www.google.com/maps/search/?api=1&query=%E5%BD%B0%E5%8C%96%E7%B8%A3%E9%B9%BF%E6%B8%AF%E9%8E%AE%E6%99%AF%E7%A6%8F%E9%87%8C%E8%90%AC%E5%A3%BD%E8%B7%AF244%E8%99%9F,,,,
社區發展協會,CASSOC_171,埔崙社區發展協會,鹿港鎮,彰化縣鹿港鎮無,not_addressable,,彰化縣鹿港鎮埔崙社區發展協會,https://www.google.com/maps/search/?api=1&query=%E5%BD%B0%E5%8C%96%E7%B8%A3%E9%B9%BF%E6%B8%AF%E9%8E%AE%E5%9F%94%E5%B4%99%E7%A4%BE%E5%8D%80%E7%99%BC%E5%B1%95%E5%8D%94%E6%9C%83,,,,
社區發展協會,CASSOC_184,平原社區發展協會,埤頭鄉,彰化縣埤頭鄉平原村平原路171號,api_僅模糊比對,彰化縣和美鎮四張里012鄰平原路１７１號,彰化縣埤頭鄉平原村平原路171號,https://www.google.com/maps/search/?api=1&query=%E5%BD%B0%E5%8C%96%E7%B8%A3%E5%9F%A4%E9%A0%AD%E9%84%89%E5%B9%B3%E5%8E%9F%E6%9D%91%E5%B9%B3%E5%8E%9F%E8%B7%AF171%E8%99%9F,,,,
社區發展協會,CASSOC_189,陸嘉社區發展協會,埤頭鄉,彰化縣埤頭鄉陸嘉村中華路434號,api_僅模糊比對,彰化縣田中鎮中路里017鄰中南路三段４３４號,彰化縣埤頭鄉陸嘉村中華路434號,https://www.google.com/maps/search/?api=1&query=%E5%BD%B0%E5%8C%96%E7%B8%A3%E5%9F%A4%E9%A0%AD%E9%84%89%E9%99%B8%E5%98%89%E6%9D%91%E4%B8%AD%E8%8F%AF%E8%B7%AF434%E8%99%9F,,,,
社區發展協會,CASSOC_194,埔鹽社區發展協會,埔鹽鄉,彰化縣埔鹽鄉無,not_addressable,,彰化縣埔鹽鄉埔鹽社區發展協會,https://www.google.com/maps/search/?api=1&query=%E5%BD%B0%E5%8C%96%E7%B8%A3%E5%9F%94%E9%B9%BD%E9%84%89%E5%9F%94%E9%B9%BD%E7%A4%BE%E5%8D%80%E7%99%BC%E5%B1%95%E5%8D%94%E6%9C%83,,,,
社區發展協會,CASSOC_196,南港社區發展協會,埔鹽鄉,彰化縣埔鹽鄉同會址,not_addressable,,彰化縣埔鹽鄉南港社區發展協會,https://www.google.com/maps/search/?api=1&query=%E5%BD%B0%E5%8C%96%E7%B8%A3%E5%9F%94%E9%B9%BD%E9%84%89%E5%8D%97%E6%B8%AF%E7%A4%BE%E5%8D%80%E7%99%BC%E5%B1%95%E5%8D%94%E6%9C%83,,,,
社區發展協會,CASSOC_218,太平社區發展協會,埔心鄉,彰化縣埔心鄉太平村太平路170號,api_僅模糊比對,彰化縣埔心鄉太平村004鄰東平路１７０號,彰化縣埔心鄉太平村太平路170號,https://www.google.com/maps/search/?api=1&query=%E5%BD%B0%E5%8C%96%E7%B8%A3%E5%9F%94%E5%BF%83%E9%84%89%E5%A4%AA%E5%B9%B3%E6%9D%91%E5%A4%AA%E5%B9%B3%E8%B7%AF170%E8%99%9F,,,,
社區發展協會,CASSOC_219,經口社區發展協會,埔心鄉,彰化縣埔心鄉經口村明道路36號,api_僅模糊比對,彰化縣埔心鄉經口村001鄰明聖路二段３６號,彰化縣埔心鄉經口村明道路36號,https://www.google.com/maps/search/?api=1&query=%E5%BD%B0%E5%8C%96%E7%B8%A3%E5%9F%94%E5%BF%83%E9%84%89%E7%B6%93%E5%8F%A3%E6%9D%91%E6%98%8E%E9%81%93%E8%B7%AF36%E8%99%9F,,,,
社區發展協會,CASSOC_239,大饒社區發展協會,員林市,彰化縣員林市大饒里員集路二段244巷119號,api_僅模糊比對,桃園市八德區大福里029鄰天祥街１１９號,彰化縣員林市大饒里員集路二段244巷119號,https://www.google.com/maps/search/?api=1&query=%E5%BD%B0%E5%8C%96%E7%B8%A3%E5%93%A1%E6%9E%97%E5%B8%82%E5%A4%A7%E9%A5%92%E9%87%8C%E5%93%A1%E9%9B%86%E8%B7%AF%E4%BA%8C%E6%AE%B5244%E5%B7%B7119%E8%99%9F,,,,
社區發展協會,CASSOC_240,崙雅社區發展協會,員林市,彰化縣員林市崙雅里崙雅巷一段449巷47號,api_僅模糊比對,彰化縣彰化市長樂里003鄰三民路４７號,彰化縣員林市崙雅里崙雅巷一段449巷47號,https://www.google.com/maps/search/?api=1&query=%E5%BD%B0%E5%8C%96%E7%B8%A3%E5%93%A1%E6%9E%97%E5%B8%82%E5%B4%99%E9%9B%85%E9%87%8C%E5%B4%99%E9%9B%85%E5%B7%B7%E4%B8%80%E6%AE%B5449%E5%B7%B747%E8%99%9F,,,,
社區發展協會,CASSOC_242,大峰社區發展協會,員林市,彰化縣員林市員林市大峰里大峰巷326弄1號,api_無此門牌,,彰化縣員林市員林市大峰里大峰巷326弄1號,https://www.google.com/maps/search/?api=1&query=%E5%BD%B0%E5%8C%96%E7%B8%A3%E5%93%A1%E6%9E%97%E5%B8%82%E5%93%A1%E6%9E%97%E5%B8%82%E5%A4%A7%E5%B3%B0%E9%87%8C%E5%A4%A7%E5%B3%B0%E5%B7%B7326%E5%BC%841%E8%99%9F,,,,
社區發展協會,CASSOC_253,湖水社區發展協會,員林市,彰化縣員林市湖水里湖水巷26號之10,api_無此門牌,,彰化縣員林市湖水里湖水巷26號之10,https://www.google.com/maps/search/?api=1&query=%E5%BD%B0%E5%8C%96%E7%B8%A3%E5%93%A1%E6%9E%97%E5%B8%82%E6%B9%96%E6%B0%B4%E9%87%8C%E6%B9%96%E6%B0%B4%E5%B7%B726%E8%99%9F%E4%B9%8B10,,,,
社區發展協會,CASSOC_267,惠來社區發展協會,員林市,彰化縣員林市無,not_addressable,,彰化縣員林市惠來社區發展協會,https://www.google.com/maps/search/?api=1&query=%E5%BD%B0%E5%8C%96%E7%B8%A3%E5%93%A1%E6%9E%97%E5%B8%82%E6%83%A0%E4%BE%86%E7%A4%BE%E5%8D%80%E7%99%BC%E5%B1%95%E5%8D%94%E6%9C%83,,,,
社區發展協會,CASSOC_283,舊社社區發展協會,芬園鄉,彰化縣芬園鄉舊社村彰南路五段2巷20號,api_僅模糊比對,彰化縣彰化市快官里001鄰彰南路五段２巷２０號,彰化縣芬園鄉舊社村彰南路五段2巷20號,https://www.google.com/maps/search/?api=1&query=%E5%BD%B0%E5%8C%96%E7%B8%A3%E8%8A%AC%E5%9C%92%E9%84%89%E8%88%8A%E7%A4%BE%E6%9D%91%E5%BD%B0%E5%8D%97%E8%B7%AF%E4%BA%94%E6%AE%B52%E5%B7%B720%E8%99%9F,,,,
社區發展協會,CASSOC_286,寶山社區發展協會,芬園鄉,彰化縣芬園鄉圳墘村碧園路二段305之1號,api_僅模糊比對,澎湖縣湖西鄉成功村001鄰港底３０５之１號,彰化縣芬園鄉圳墘村碧園路二段305之1號,https://www.google.com/maps/search/?api=1&query=%E5%BD%B0%E5%8C%96%E7%B8%A3%E8%8A%AC%E5%9C%92%E9%84%89%E5%9C%B3%E5%A2%98%E6%9D%91%E7%A2%A7%E5%9C%92%E8%B7%AF%E4%BA%8C%E6%AE%B5305%E4%B9%8B1%E8%99%9F,,,,
社區發展協會,CASSOC_294,永春社區發展協會,花壇鄉,彰化縣花壇鄉無,not_addressable,,彰化縣花壇鄉永春社區發展協會,https://www.google.com/maps/search/?api=1&query=%E5%BD%B0%E5%8C%96%E7%B8%A3%E8%8A%B1%E5%A3%87%E9%84%89%E6%B0%B8%E6%98%A5%E7%A4%BE%E5%8D%80%E7%99%BC%E5%B1%95%E5%8D%94%E6%9C%83,,,,
社區發展協會,CASSOC_297,中庄社區發展協會,花壇鄉,彰化縣花壇鄉無,not_addressable,,彰化縣花壇鄉中庄社區發展協會,https://www.google.com/maps/search/?api=1&query=%E5%BD%B0%E5%8C%96%E7%B8%A3%E8%8A%B1%E5%A3%87%E9%84%89%E4%B8%AD%E5%BA%84%E7%A4%BE%E5%8D%80%E7%99%BC%E5%B1%95%E5%8D%94%E6%9C%83,,,,
社區發展協會,CASSOC_300,長沙社區發展協會,花壇鄉,彰化縣花壇鄉長沙村彰員路2段586-3號,api_僅模糊比對,彰化縣鹿港鎮鹿和里001鄰鹿和路一段５８６之３號,彰化縣花壇鄉長沙村彰員路2段586-3號,https://www.google.com/maps/search/?api=1&query=%E5%BD%B0%E5%8C%96%E7%B8%A3%E8%8A%B1%E5%A3%87%E9%84%89%E9%95%B7%E6%B2%99%E6%9D%91%E5%BD%B0%E5%93%A1%E8%B7%AF2%E6%AE%B5586-3%E8%99%9F,,,,
社區發展協會,CASSOC_303,中口社區發展協會,花壇鄉,彰化縣花壇鄉無,not_addressable,,彰化縣花壇鄉中口社區發展協會,https://www.google.com/maps/search/?api=1&query=%E5%BD%B0%E5%8C%96%E7%B8%A3%E8%8A%B1%E5%A3%87%E9%84%89%E4%B8%AD%E5%8F%A3%E7%A4%BE%E5%8D%80%E7%99%BC%E5%B1%95%E5%8D%94%E6%9C%83,,,,
社區發展協會,CASSOC_305,灣雅社區發展協會,花壇鄉,彰化縣花壇鄉灣雅村彰員路一段852,not_addressable,,彰化縣花壇鄉灣雅社區發展協會,https://www.google.com/maps/search/?api=1&query=%E5%BD%B0%E5%8C%96%E7%B8%A3%E8%8A%B1%E5%A3%87%E9%84%89%E7%81%A3%E9%9B%85%E7%A4%BE%E5%8D%80%E7%99%BC%E5%B1%95%E5%8D%94%E6%9C%83,,,,
社區發展協會,CASSOC_309,新寶社區發展協會,芳苑鄉,彰化縣芳苑鄉新寶村芳漢路新寶段108-91號,api_無此門牌,,彰化縣芳苑鄉新寶村芳漢路新寶段108-91號,https://www.google.com/maps/search/?api=1&query=%E5%BD%B0%E5%8C%96%E7%B8%A3%E8%8A%B3%E8%8B%91%E9%84%89%E6%96%B0%E5%AF%B6%E6%9D%91%E8%8A%B3%E6%BC%A2%E8%B7%AF%E6%96%B0%E5%AF%B6%E6%AE%B5108-91%E8%99%9F,,,,
社區發展協會,CASSOC_311,建平社區發展協會,芳苑鄉,彰化縣芳苑鄉建平村建平段405號,api_僅模糊比對,彰化縣鹿港鎮草中里022鄰鹿草路四段４０５號,彰化縣芳苑鄉建平村建平段405號,https://www.google.com/maps/search/?api=1&query=%E5%BD%B0%E5%8C%96%E7%B8%A3%E8%8A%B3%E8%8B%91%E9%84%89%E5%BB%BA%E5%B9%B3%E6%9D%91%E5%BB%BA%E5%B9%B3%E6%AE%B5405%E8%99%9F,,,,
社區發展協會,CASSOC_315,永興社區發展協會,芳苑鄉,彰化縣芳苑鄉無,not_addressable,,彰化縣芳苑鄉永興社區發展協會,https://www.google.com/maps/search/?api=1&query=%E5%BD%B0%E5%8C%96%E7%B8%A3%E8%8A%B3%E8%8B%91%E9%84%89%E6%B0%B8%E8%88%88%E7%A4%BE%E5%8D%80%E7%99%BC%E5%B1%95%E5%8D%94%E6%9C%83,,,,
社區發展協會,CASSOC_319,新生社區發展協會,芳苑鄉,彰化縣芳苑鄉新生村草崙路15之1號,api_無此門牌,,彰化縣芳苑鄉新生村草崙路15之1號,https://www.google.com/maps/search/?api=1&query=%E5%BD%B0%E5%8C%96%E7%B8%A3%E8%8A%B3%E8%8B%91%E9%84%89%E6%96%B0%E7%94%9F%E6%9D%91%E8%8D%89%E5%B4%99%E8%B7%AF15%E4%B9%8B1%E8%99%9F,,,,
社區發展協會,CASSOC_324,後寮社區發展協會,芳苑鄉,彰化縣芳苑鄉芳苑鄉後寮村寮北巷5號,api_僅模糊比對,彰化縣芳苑鄉後寮村011鄰工區路５號,彰化縣芳苑鄉芳苑鄉後寮村寮北巷5號,https://www.google.com/maps/search/?api=1&query=%E5%BD%B0%E5%8C%96%E7%B8%A3%E8%8A%B3%E8%8B%91%E9%84%89%E8%8A%B3%E8%8B%91%E9%84%89%E5%BE%8C%E5%AF%AE%E6%9D%91%E5%AF%AE%E5%8C%97%E5%B7%B75%E8%99%9F,,,,
社區發展協會,CASSOC_325,民生社區發展協會,芳苑鄉,彰化縣芳苑鄉528彰化縣芳苑鄉民生村芳功段1232地號(無地址)2層樓,not_addressable,,彰化縣芳苑鄉民生社區發展協會,https://www.google.com/maps/search/?api=1&query=%E5%BD%B0%E5%8C%96%E7%B8%A3%E8%8A%B3%E8%8B%91%E9%84%89%E6%B0%91%E7%94%9F%E7%A4%BE%E5%8D%80%E7%99%BC%E5%B1%95%E5%8D%94%E6%9C%83,,,,
社區發展協會,CASSOC_326,信義社區發展協會,芳苑鄉,彰化縣芳苑鄉無,not_addressable,,彰化縣芳苑鄉信義社區發展協會,https://www.google.com/maps/search/?api=1&query=%E5%BD%B0%E5%8C%96%E7%B8%A3%E8%8A%B3%E8%8B%91%E9%84%89%E4%BF%A1%E7%BE%A9%E7%A4%BE%E5%8D%80%E7%99%BC%E5%B1%95%E5%8D%94%E6%9C%83,,,,
社區發展協會,CASSOC_327,仁愛社區發展協會,芳苑鄉,彰化縣芳苑鄉無,not_addressable,,彰化縣芳苑鄉仁愛社區發展協會,https://www.google.com/maps/search/?api=1&query=%E5%BD%B0%E5%8C%96%E7%B8%A3%E8%8A%B3%E8%8B%91%E9%84%89%E4%BB%81%E6%84%9B%E7%A4%BE%E5%8D%80%E7%99%BC%E5%B1%95%E5%8D%94%E6%9C%83,,,,
社區發展協會,CASSOC_328,草湖社區發展協會,芳苑鄉,彰化縣芳苑鄉528彰化縣芳苑鄉芳草段420地號,not_addressable,,彰化縣芳苑鄉草湖社區發展協會,https://www.google.com/maps/search/?api=1&query=%E5%BD%B0%E5%8C%96%E7%B8%A3%E8%8A%B3%E8%8B%91%E9%84%89%E8%8D%89%E6%B9%96%E7%A4%BE%E5%8D%80%E7%99%BC%E5%B1%95%E5%8D%94%E6%9C%83,,,,
社區發展協會,CASSOC_331,福榮社區發展協會,芳苑鄉,彰化縣芳苑鄉無,not_addressable,,彰化縣芳苑鄉福榮社區發展協會,https://www.google.com/maps/search/?api=1&query=%E5%BD%B0%E5%8C%96%E7%B8%A3%E8%8A%B3%E8%8B%91%E9%84%89%E7%A6%8F%E6%A6%AE%E7%A4%BE%E5%8D%80%E7%99%BC%E5%B1%95%E5%8D%94%E6%9C%83,,,,
社區發展協會,CASSOC_332,廣興社區發展協會,社頭鄉,彰化縣社頭鄉廣興村廣興巷13號,api_僅模糊比對,彰化縣社頭鄉廣興村002鄰仁愛二路１３號,彰化縣社頭鄉廣興村廣興巷13號,https://www.google.com/maps/search/?api=1&query=%E5%BD%B0%E5%8C%96%E7%B8%A3%E7%A4%BE%E9%A0%AD%E9%84%89%E5%BB%A3%E8%88%88%E6%9D%91%E5%BB%A3%E8%88%88%E5%B7%B713%E8%99%9F,,,,
社區發展協會,CASSOC_340,泰安社區發展協會,社頭鄉,彰化縣社頭鄉社頭鄉仁和村山腳路2段833號,api_僅模糊比對,屏東縣枋寮鄉人和村013鄰中正大路８３３號,彰化縣社頭鄉社頭鄉仁和村山腳路2段833號,https://www.google.com/maps/search/?api=1&query=%E5%BD%B0%E5%8C%96%E7%B8%A3%E7%A4%BE%E9%A0%AD%E9%84%89%E7%A4%BE%E9%A0%AD%E9%84%89%E4%BB%81%E5%92%8C%E6%9D%91%E5%B1%B1%E8%85%B3%E8%B7%AF2%E6%AE%B5833%E8%99%9F,,,,
社區發展協會,CASSOC_346,湳底社區發展協會,社頭鄉,彰化縣社頭鄉湳底村湳底巷261號,api_無此門牌,,彰化縣社頭鄉湳底村湳底巷261號,https://www.google.com/maps/search/?api=1&query=%E5%BD%B0%E5%8C%96%E7%B8%A3%E7%A4%BE%E9%A0%AD%E9%84%89%E6%B9%B3%E5%BA%95%E6%9D%91%E6%B9%B3%E5%BA%95%E5%B7%B7261%E8%99%9F,,,,
社區發展協會,CASSOC_351,美雅社區發展協會,社頭鄉,彰化縣社頭鄉美雅村員集路一段710號,api_無此門牌,,彰化縣社頭鄉美雅村員集路一段710號,https://www.google.com/maps/search/?api=1&query=%E5%BD%B0%E5%8C%96%E7%B8%A3%E7%A4%BE%E9%A0%AD%E9%84%89%E7%BE%8E%E9%9B%85%E6%9D%91%E5%93%A1%E9%9B%86%E8%B7%AF%E4%B8%80%E6%AE%B5710%E8%99%9F,,,,
社區發展協會,CASSOC_356,和西社區發展協會,和美鎮,彰化縣和美鎮無,not_addressable,,彰化縣和美鎮和西社區發展協會,https://www.google.com/maps/search/?api=1&query=%E5%BD%B0%E5%8C%96%E7%B8%A3%E5%92%8C%E7%BE%8E%E9%8E%AE%E5%92%8C%E8%A5%BF%E7%A4%BE%E5%8D%80%E7%99%BC%E5%B1%95%E5%8D%94%E6%9C%83,,,,
社區發展協會,CASSOC_362,犁盛社區發展協會,和美鎮,彰化縣和美鎮無,not_addressable,,彰化縣和美鎮犁盛社區發展協會,https://www.google.com/maps/search/?api=1&query=%E5%BD%B0%E5%8C%96%E7%B8%A3%E5%92%8C%E7%BE%8E%E9%8E%AE%E7%8A%81%E7%9B%9B%E7%A4%BE%E5%8D%80%E7%99%BC%E5%B1%95%E5%8D%94%E6%9C%83,,,,
社區發展協會,CASSOC_368,還社社區發展協會,和美鎮,彰化縣和美鎮無,not_addressable,,彰化縣和美鎮還社社區發展協會,https://www.google.com/maps/search/?api=1&query=%E5%BD%B0%E5%8C%96%E7%B8%A3%E5%92%8C%E7%BE%8E%E9%8E%AE%E9%82%84%E7%A4%BE%E7%A4%BE%E5%8D%80%E7%99%BC%E5%B1%95%E5%8D%94%E6%9C%83,,,,
社區發展協會,CASSOC_370,頭前社區發展協會,和美鎮,彰化縣和美鎮頭前里和頭路595號,api_僅模糊比對,彰化縣秀水鄉鶴鳴村014鄰彰鹿路５９５號,彰化縣和美鎮頭前里和頭路595號,https://www.google.com/maps/search/?api=1&query=%E5%BD%B0%E5%8C%96%E7%B8%A3%E5%92%8C%E7%BE%8E%E9%8E%AE%E9%A0%AD%E5%89%8D%E9%87%8C%E5%92%8C%E9%A0%AD%E8%B7%AF595%E8%99%9F,,,,
社區發展協會,CASSOC_382,山犁社區發展協會,和美鎮,彰化縣和美鎮無,not_addressable,,彰化縣和美鎮山犁社區發展協會,https://www.google.com/maps/search/?api=1&query=%E5%BD%B0%E5%8C%96%E7%B8%A3%E5%92%8C%E7%BE%8E%E9%8E%AE%E5%B1%B1%E7%8A%81%E7%A4%BE%E5%8D%80%E7%99%BC%E5%B1%95%E5%8D%94%E6%9C%83,,,,
社區發展協會,CASSOC_385,和東社區發展協會,和美鎮,彰化縣和美鎮無,not_addressable,,彰化縣和美鎮和東社區發展協會,https://www.google.com/maps/search/?api=1&query=%E5%BD%B0%E5%8C%96%E7%B8%A3%E5%92%8C%E7%BE%8E%E9%8E%AE%E5%92%8C%E6%9D%B1%E7%A4%BE%E5%8D%80%E7%99%BC%E5%B1%95%E5%8D%94%E6%9C%83,,,,
社區發展協會,CASSOC_390,金興社區發展協會,秀水鄉,彰化縣秀水鄉秀水鄉金興村正興巷18-16號,api_僅模糊比對,雲林縣西螺鎮正興里016鄰福興路１８之１６號,彰化縣秀水鄉秀水鄉金興村正興巷18-16號,https://www.google.com/maps/search/?api=1&query=%E5%BD%B0%E5%8C%96%E7%B8%A3%E7%A7%80%E6%B0%B4%E9%84%89%E7%A7%80%E6%B0%B4%E9%84%89%E9%87%91%E8%88%88%E6%9D%91%E6%AD%A3%E8%88%88%E5%B7%B718-16%E8%99%9F,,,,
社區發展協會,CASSOC_406,定興社區發展協會,伸港鄉,彰化縣伸港鄉定興村定興路63號,api_僅模糊比對,屏東縣九如鄉洽興村007鄰洽興路６３號,彰化縣伸港鄉定興村定興路63號,https://www.google.com/maps/search/?api=1&query=%E5%BD%B0%E5%8C%96%E7%B8%A3%E4%BC%B8%E6%B8%AF%E9%84%89%E5%AE%9A%E8%88%88%E6%9D%91%E5%AE%9A%E8%88%88%E8%B7%AF63%E8%99%9F,,,,
社區發展協會,CASSOC_409,什股社區發展協會,伸港鄉,彰化縣伸港鄉什股村什股路99-1號,api_僅模糊比對,苗栗縣卓蘭鎮坪林里017鄰双連９９之１號,彰化縣伸港鄉什股村什股路99-1號,https://www.google.com/maps/search/?api=1&query=%E5%BD%B0%E5%8C%96%E7%B8%A3%E4%BC%B8%E6%B8%AF%E9%84%89%E4%BB%80%E8%82%A1%E6%9D%91%E4%BB%80%E8%82%A1%E8%B7%AF99-1%E8%99%9F,,,,
社區發展協會,CASSOC_425,溪墘社區發展協會,竹塘鄉,彰化縣竹塘鄉竹塘鄉溪墘村河陽路20號,api_僅模糊比對,彰化縣竹塘鄉溪墘村003鄰溪陽路２０號,彰化縣竹塘鄉竹塘鄉溪墘村河陽路20號,https://www.google.com/maps/search/?api=1&query=%E5%BD%B0%E5%8C%96%E7%B8%A3%E7%AB%B9%E5%A1%98%E9%84%89%E7%AB%B9%E5%A1%98%E9%84%89%E6%BA%AA%E5%A2%98%E6%9D%91%E6%B2%B3%E9%99%BD%E8%B7%AF20%E8%99%9F,,,,
社區發展協會,CASSOC_453,新民社區發展協會,田中鎮,彰化縣田中鎮新民里公館路258號,api_僅模糊比對,彰化縣田中鎮新民里003鄰沙崙路２５８號,彰化縣田中鎮新民里公館路258號,https://www.google.com/maps/search/?api=1&query=%E5%BD%B0%E5%8C%96%E7%B8%A3%E7%94%B0%E4%B8%AD%E9%8E%AE%E6%96%B0%E6%B0%91%E9%87%8C%E5%85%AC%E9%A4%A8%E8%B7%AF258%E8%99%9F,,,,
社區發展協會,CASSOC_454,梅州社區發展協會,田中鎮,彰化縣田中鎮梅州里斗中路一段443巷121-2號,api_僅模糊比對,宜蘭縣羅東鎮賢文里020鄰民意街１２１之２號,彰化縣田中鎮梅州里斗中路一段443巷121-2號,https://www.google.com/maps/search/?api=1&query=%E5%BD%B0%E5%8C%96%E7%B8%A3%E7%94%B0%E4%B8%AD%E9%8E%AE%E6%A2%85%E5%B7%9E%E9%87%8C%E6%96%97%E4%B8%AD%E8%B7%AF%E4%B8%80%E6%AE%B5443%E5%B7%B7121-2%E8%99%9F,,,,
社區發展協會,CASSOC_456,頂潭社區發展協會,田中鎮,彰化縣田中鎮頂潭里崁頂路143號,api_僅模糊比對,嘉義縣太保市春珠里007鄰春珠１４３號,彰化縣田中鎮頂潭里崁頂路143號,https://www.google.com/maps/search/?api=1&query=%E5%BD%B0%E5%8C%96%E7%B8%A3%E7%94%B0%E4%B8%AD%E9%8E%AE%E9%A0%82%E6%BD%AD%E9%87%8C%E5%B4%81%E9%A0%82%E8%B7%AF143%E8%99%9F,,,,
社區發展協會,CASSOC_458,大社社區發展協會,田中鎮,彰化縣田中鎮大社里大社路2段647號,api_僅模糊比對,臺中市大里區大明里010鄰中興路二段６４７號,彰化縣田中鎮大社里大社路2段647號,https://www.google.com/maps/search/?api=1&query=%E5%BD%B0%E5%8C%96%E7%B8%A3%E7%94%B0%E4%B8%AD%E9%8E%AE%E5%A4%A7%E7%A4%BE%E9%87%8C%E5%A4%A7%E7%A4%BE%E8%B7%AF2%E6%AE%B5647%E8%99%9F,,,,
社區發展協會,CASSOC_460,東源社區發展協會,田中鎮,彰化縣田中鎮東源里中南路二段608巷32號,api_僅模糊比對,高雄市大寮區大寮里016鄰大寮路６０８巷３２號,彰化縣田中鎮東源里中南路二段608巷32號,https://www.google.com/maps/search/?api=1&query=%E5%BD%B0%E5%8C%96%E7%B8%A3%E7%94%B0%E4%B8%AD%E9%8E%AE%E6%9D%B1%E6%BA%90%E9%87%8C%E4%B8%AD%E5%8D%97%E8%B7%AF%E4%BA%8C%E6%AE%B5608%E5%B7%B732%E8%99%9F,,,,
社區發展協會,CASSOC_462,新庄社區發展協會,田中鎮,彰化縣田中鎮新庄里中山街134號2F,api_僅模糊比對,彰化縣田中鎮新庄里007鄰居仁街１３４號,彰化縣田中鎮新庄里中山街134號2F,https://www.google.com/maps/search/?api=1&query=%E5%BD%B0%E5%8C%96%E7%B8%A3%E7%94%B0%E4%B8%AD%E9%8E%AE%E6%96%B0%E5%BA%84%E9%87%8C%E4%B8%AD%E5%B1%B1%E8%A1%97134%E8%99%9F2F,,,,
社區發展協會,CASSOC_464,大崙社區發展協會,田中鎮,彰化縣田中鎮大崙里大安路二段320號,api_僅模糊比對,嘉義縣朴子市大鄉里018鄰大槺榔３２０號,彰化縣田中鎮大崙里大安路二段320號,https://www.google.com/maps/search/?api=1&query=%E5%BD%B0%E5%8C%96%E7%B8%A3%E7%94%B0%E4%B8%AD%E9%8E%AE%E5%A4%A7%E5%B4%99%E9%87%8C%E5%A4%A7%E5%AE%89%E8%B7%AF%E4%BA%8C%E6%AE%B5320%E8%99%9F,,,,
社區發展協會,CASSOC_465,中潭社區發展協會,田中鎮,彰化縣田中鎮中潭里員集路三段125巷255號,api_僅模糊比對,新竹市香山區中埔里006鄰牛埔路２５５號,彰化縣田中鎮中潭里員集路三段125巷255號,https://www.google.com/maps/search/?api=1&query=%E5%BD%B0%E5%8C%96%E7%B8%A3%E7%94%B0%E4%B8%AD%E9%8E%AE%E4%B8%AD%E6%BD%AD%E9%87%8C%E5%93%A1%E9%9B%86%E8%B7%AF%E4%B8%89%E6%AE%B5125%E5%B7%B7255%E8%99%9F,,,,
社區發展協會,CASSOC_468,復興社區發展協會,田中鎮,彰化縣田中鎮書鄉苑 無(豬舍改建、閒置空間再利用),not_addressable,,彰化縣田中鎮復興社區發展協會,https://www.google.com/maps/search/?api=1&query=%E5%BD%B0%E5%8C%96%E7%B8%A3%E7%94%B0%E4%B8%AD%E9%8E%AE%E5%BE%A9%E8%88%88%E7%A4%BE%E5%8D%80%E7%99%BC%E5%B1%95%E5%8D%94%E6%9C%83,,,,
社區發展協會,CASSOC_474,碧峰社區發展協會,田中鎮,彰化縣田中鎮田中鎮碧峰里中南路二段509號,api_僅模糊比對,臺中市烏日區湖日里022鄰中山路二段５０９號,彰化縣田中鎮田中鎮碧峰里中南路二段509號,https://www.google.com/maps/search/?api=1&query=%E5%BD%B0%E5%8C%96%E7%B8%A3%E7%94%B0%E4%B8%AD%E9%8E%AE%E7%94%B0%E4%B8%AD%E9%8E%AE%E7%A2%A7%E5%B3%B0%E9%87%8C%E4%B8%AD%E5%8D%97%E8%B7%AF%E4%BA%8C%E6%AE%B5509%E8%99%9F,,,,
社區發展協會,CASSOC_475,港西社區發展協會,永靖鄉,彰化縣永靖鄉永靖鄉港西村五福巷118號之2,api_僅模糊比對,雲林縣臺西鄉溪頂村017鄰溪頂１１８號之２,彰化縣永靖鄉永靖鄉港西村五福巷118號之2,https://www.google.com/maps/search/?api=1&query=%E5%BD%B0%E5%8C%96%E7%B8%A3%E6%B0%B8%E9%9D%96%E9%84%89%E6%B0%B8%E9%9D%96%E9%84%89%E6%B8%AF%E8%A5%BF%E6%9D%91%E4%BA%94%E7%A6%8F%E5%B7%B7118%E8%99%9F%E4%B9%8B2,,,,
社區發展協會,CASSOC_479,湳港社區發展協會,永靖鄉,彰化縣永靖鄉通訊地址:永靖鄉湳港村永社路186號,api_無此門牌,,彰化縣永靖鄉通訊地址:永靖鄉湳港村永社路186號,https://www.google.com/maps/search/?api=1&query=%E5%BD%B0%E5%8C%96%E7%B8%A3%E6%B0%B8%E9%9D%96%E9%84%89%E9%80%9A%E8%A8%8A%E5%9C%B0%E5%9D%80%3A%E6%B0%B8%E9%9D%96%E9%84%89%E6%B9%B3%E6%B8%AF%E6%9D%91%E6%B0%B8%E7%A4%BE%E8%B7%AF186%E8%99%9F,,,,
社區發展協會,CASSOC_481,同安社區發展協會,永靖鄉,彰化縣永靖鄉同安村西畔巷11-1號,api_僅模糊比對,彰化縣員林市三橋里004鄰大榮街１１之１號,彰化縣永靖鄉同安村西畔巷11-1號,https://www.google.com/maps/search/?api=1&query=%E5%BD%B0%E5%8C%96%E7%B8%A3%E6%B0%B8%E9%9D%96%E9%84%89%E5%90%8C%E5%AE%89%E6%9D%91%E8%A5%BF%E7%95%94%E5%B7%B711-1%E8%99%9F,,,,
社區發展協會,CASSOC_482,光雲社區發展協會,永靖鄉,彰化縣永靖鄉光雲村意善巷78-1號,api_僅模糊比對,苗栗縣後龍鎮大山里005鄰上大山脚７８之１號,彰化縣永靖鄉光雲村意善巷78-1號,https://www.google.com/maps/search/?api=1&query=%E5%BD%B0%E5%8C%96%E7%B8%A3%E6%B0%B8%E9%9D%96%E9%84%89%E5%85%89%E9%9B%B2%E6%9D%91%E6%84%8F%E5%96%84%E5%B7%B778-1%E8%99%9F,,,,
社區發展協會,CASSOC_483,同仁社區發展協會,永靖鄉,彰化縣永靖鄉同仁村東畔路7-1號,api_僅模糊比對,雲林縣斗六市久安里014鄰深圳路７之１號,彰化縣永靖鄉同仁村東畔路7-1號,https://www.google.com/maps/search/?api=1&query=%E5%BD%B0%E5%8C%96%E7%B8%A3%E6%B0%B8%E9%9D%96%E9%84%89%E5%90%8C%E4%BB%81%E6%9D%91%E6%9D%B1%E7%95%94%E8%B7%AF7-1%E8%99%9F,,,,
社區發展協會,CASSOC_485,新莊社區發展協會,永靖鄉,彰化縣永靖鄉新莊村永社路75-1號,api_僅模糊比對,雲林縣土庫鎮埤腳里017鄰扶朝７５之１號,彰化縣永靖鄉新莊村永社路75-1號,https://www.google.com/maps/search/?api=1&query=%E5%BD%B0%E5%8C%96%E7%B8%A3%E6%B0%B8%E9%9D%96%E9%84%89%E6%96%B0%E8%8E%8A%E6%9D%91%E6%B0%B8%E7%A4%BE%E8%B7%AF75-1%E8%99%9F,,,,
社區發展協會,CASSOC_486,五汴社區發展協會,永靖鄉,彰化縣永靖鄉五汴村五汴巷1號,api_僅模糊比對,彰化縣員林市惠來里005鄰中山南路１號,彰化縣永靖鄉五汴村五汴巷1號,https://www.google.com/maps/search/?api=1&query=%E5%BD%B0%E5%8C%96%E7%B8%A3%E6%B0%B8%E9%9D%96%E9%84%89%E4%BA%94%E6%B1%B4%E6%9D%91%E4%BA%94%E6%B1%B4%E5%B7%B71%E8%99%9F,,,,
社區發展協會,CASSOC_490,五福社區發展協會,永靖鄉,彰化縣永靖鄉五福村五福巷99-1號,api_僅模糊比對,屏東縣琉球鄉天福村002鄰中正路９９之１號,彰化縣永靖鄉五福村五福巷99-1號,https://www.google.com/maps/search/?api=1&query=%E5%BD%B0%E5%8C%96%E7%B8%A3%E6%B0%B8%E9%9D%96%E9%84%89%E4%BA%94%E7%A6%8F%E6%9D%91%E4%BA%94%E7%A6%8F%E5%B7%B799-1%E8%99%9F,,,,
社區發展協會,CASSOC_491,崙美社區發展協會,永靖鄉,彰化縣永靖鄉崙美村獨鰲路270巷8-1號,api_僅模糊比對,雲林縣口湖鄉後厝村001鄰後厝８之１號,彰化縣永靖鄉崙美村獨鰲路270巷8-1號,https://www.google.com/maps/search/?api=1&query=%E5%BD%B0%E5%8C%96%E7%B8%A3%E6%B0%B8%E9%9D%96%E9%84%89%E5%B4%99%E7%BE%8E%E6%9D%91%E7%8D%A8%E9%B0%B2%E8%B7%AF270%E5%B7%B78-1%E8%99%9F,,,,
社區發展協會,CASSOC_492,永南社區發展協會,永靖鄉,彰化縣永靖鄉永西路155號,api_僅模糊比對,彰化縣永靖鄉湳港村012鄰永社路１５５號,彰化縣永靖鄉永西路155號,https://www.google.com/maps/search/?api=1&query=%E5%BD%B0%E5%8C%96%E7%B8%A3%E6%B0%B8%E9%9D%96%E9%84%89%E6%B0%B8%E8%A5%BF%E8%B7%AF155%E8%99%9F,,,,
社區發展協會,CASSOC_493,永北社區發展協會,永靖鄉,彰化縣永靖鄉永北村水尾路192巷1-1號,api_僅模糊比對,雲林縣口湖鄉埔北村009鄰林圍１之１號,彰化縣永靖鄉永北村水尾路192巷1-1號,https://www.google.com/maps/search/?api=1&query=%E5%BD%B0%E5%8C%96%E7%B8%A3%E6%B0%B8%E9%9D%96%E9%84%89%E6%B0%B8%E5%8C%97%E6%9D%91%E6%B0%B4%E5%B0%BE%E8%B7%AF192%E5%B7%B71-1%E8%99%9F,,,,
社區發展協會,CASSOC_494,湳墘社區發展協會,永靖鄉,彰化縣永靖鄉湳墘村忠心路13-1號,api_僅模糊比對,苗栗縣後龍鎮福寧里001鄰頭湖１３之１號,彰化縣永靖鄉湳墘村忠心路13-1號,https://www.google.com/maps/search/?api=1&query=%E5%BD%B0%E5%8C%96%E7%B8%A3%E6%B0%B8%E9%9D%96%E9%84%89%E6%B9%B3%E5%A2%98%E6%9D%91%E5%BF%A0%E5%BF%83%E8%B7%AF13-1%E8%99%9F,,,,
社區發展協會,CASSOC_496,獨鰲社區發展協會,永靖鄉,彰化縣永靖鄉獨鰲村獨鰲路一段3號,api_僅模糊比對,臺南市永康區崑山里006鄰永大路一段３號,彰化縣永靖鄉獨鰲村獨鰲路一段3號,https://www.google.com/maps/search/?api=1&query=%E5%BD%B0%E5%8C%96%E7%B8%A3%E6%B0%B8%E9%9D%96%E9%84%89%E7%8D%A8%E9%B0%B2%E6%9D%91%E7%8D%A8%E9%B0%B2%E8%B7%AF%E4%B8%80%E6%AE%B53%E8%99%9F,,,,
社區發展協會,CASSOC_517,西港社區發展協會,大城鄉,彰化縣大城鄉西港村永鎮路35號,api_僅模糊比對,彰化縣大城鄉西港村007鄰通海路３５號,彰化縣大城鄉西港村永鎮路35號,https://www.google.com/maps/search/?api=1&query=%E5%BD%B0%E5%8C%96%E7%B8%A3%E5%A4%A7%E5%9F%8E%E9%84%89%E8%A5%BF%E6%B8%AF%E6%9D%91%E6%B0%B8%E9%8E%AE%E8%B7%AF35%E8%99%9F,,,,
社區發展協會,CASSOC_523,潭墘社區發展協會,大城鄉,彰化縣大城鄉潭墘村光復路1-5號,api_僅模糊比對,花蓮縣新城鄉新城村009鄰中山路１之５號,彰化縣大城鄉潭墘村光復路1-5號,https://www.google.com/maps/search/?api=1&query=%E5%BD%B0%E5%8C%96%E7%B8%A3%E5%A4%A7%E5%9F%8E%E9%84%89%E6%BD%AD%E5%A2%98%E6%9D%91%E5%85%89%E5%BE%A9%E8%B7%AF1-5%E8%99%9F,,,,
社區發展協會,CASSOC_524,尤仕社區發展協會,大城鄉,彰化縣大城鄉潭墘村天惠路42-1號,api_僅模糊比對,彰化縣大村鄉大村村019鄰大仁路一段４２之１號,彰化縣大城鄉潭墘村天惠路42-1號,https://www.google.com/maps/search/?api=1&query=%E5%BD%B0%E5%8C%96%E7%B8%A3%E5%A4%A7%E5%9F%8E%E9%84%89%E6%BD%AD%E5%A2%98%E6%9D%91%E5%A4%A9%E6%83%A0%E8%B7%AF42-1%E8%99%9F,,,,
社區發展協會,CASSOC_527,台西社區發展協會,大城鄉,彰化縣大城鄉台西村順應路4號,api_僅模糊比對,彰化縣大城鄉三豐村009鄰順元路４號,彰化縣大城鄉台西村順應路4號,https://www.google.com/maps/search/?api=1&query=%E5%BD%B0%E5%8C%96%E7%B8%A3%E5%A4%A7%E5%9F%8E%E9%84%89%E5%8F%B0%E8%A5%BF%E6%9D%91%E9%A0%86%E6%87%89%E8%B7%AF4%E8%99%9F,,,,
社區發展協會,CASSOC_534,新興社區發展協會,大村鄉,彰化縣大村鄉新興村新興巷6-3號彰化縣大村鄉新興村新興巷11號,api_僅模糊比對,彰化縣北斗鎮七星里010鄰宮前街６之３號,彰化縣大村鄉新興村新興巷6-3號彰化縣大村鄉新興村新興巷11號,https://www.google.com/maps/search/?api=1&query=%E5%BD%B0%E5%8C%96%E7%B8%A3%E5%A4%A7%E6%9D%91%E9%84%89%E6%96%B0%E8%88%88%E6%9D%91%E6%96%B0%E8%88%88%E5%B7%B76-3%E8%99%9F%E5%BD%B0%E5%8C%96%E7%B8%A3%E5%A4%A7%E6%9D%91%E9%84%89%E6%96%B0%E8%88%88%E6%9D%91%E6%96%B0%E8%88%88%E5%B7%B711%E8%99%9F,,,,
社區發展協會,CASSOC_542,福興社區發展協會,大村鄉,彰化縣大村鄉福興村山腳路88-1號,api_僅模糊比對,彰化縣大村鄉福興村004鄰山腳路８８之２５號,彰化縣大村鄉福興村山腳路88-1號,https://www.google.com/maps/search/?api=1&query=%E5%BD%B0%E5%8C%96%E7%B8%A3%E5%A4%A7%E6%9D%91%E9%84%89%E7%A6%8F%E8%88%88%E6%9D%91%E5%B1%B1%E8%85%B3%E8%B7%AF88-1%E8%99%9F,,,,
社區發展協會,CASSOC_547,復豐社區發展協會,二林鎮,彰化縣二林鎮復豐里𥕟瑤巷5號,api_僅模糊比對,彰化縣二林鎮復豐里002鄰原竹路５號,彰化縣二林鎮復豐里𥕟瑤巷5號,https://www.google.com/maps/search/?api=1&query=%E5%BD%B0%E5%8C%96%E7%B8%A3%E4%BA%8C%E6%9E%97%E9%8E%AE%E5%BE%A9%E8%B1%90%E9%87%8C%F0%A5%95%9F%E7%91%A4%E5%B7%B75%E8%99%9F,,,,
社區發展協會,CASSOC_549,東興社區發展協會,二林鎮,彰化縣二林鎮東興里福建巷45號之1,api_僅模糊比對,彰化縣員林市惠來里002鄰南昌路４５號之１,彰化縣二林鎮東興里福建巷45號之1,https://www.google.com/maps/search/?api=1&query=%E5%BD%B0%E5%8C%96%E7%B8%A3%E4%BA%8C%E6%9E%97%E9%8E%AE%E6%9D%B1%E8%88%88%E9%87%8C%E7%A6%8F%E5%BB%BA%E5%B7%B745%E8%99%9F%E4%B9%8B1,,,,
社區發展協會,CASSOC_552,大永社區發展協會,二林鎮,彰化縣二林鎮大永路17之1號,api_無此門牌,,彰化縣二林鎮大永路17之1號,https://www.google.com/maps/search/?api=1&query=%E5%BD%B0%E5%8C%96%E7%B8%A3%E4%BA%8C%E6%9E%97%E9%8E%AE%E5%A4%A7%E6%B0%B8%E8%B7%AF17%E4%B9%8B1%E8%99%9F,,,,
社區發展協會,CASSOC_558,西庄社區發展協會,二林鎮,彰化縣二林鎮西庄里泉西巷31號之1,api_無此門牌,,彰化縣二林鎮西庄里泉西巷31號之1,https://www.google.com/maps/search/?api=1&query=%E5%BD%B0%E5%8C%96%E7%B8%A3%E4%BA%8C%E6%9E%97%E9%8E%AE%E8%A5%BF%E5%BA%84%E9%87%8C%E6%B3%89%E8%A5%BF%E5%B7%B731%E8%99%9F%E4%B9%8B1,,,,
社區發展協會,CASSOC_563,西平社區發展協會,二林鎮,彰化縣二林鎮西平里民族巷8號之1,api_僅模糊比對,彰化縣福興鄉大崙村009鄰大崙街８號之１,彰化縣二林鎮西平里民族巷8號之1,https://www.google.com/maps/search/?api=1&query=%E5%BD%B0%E5%8C%96%E7%B8%A3%E4%BA%8C%E6%9E%97%E9%8E%AE%E8%A5%BF%E5%B9%B3%E9%87%8C%E6%B0%91%E6%97%8F%E5%B7%B78%E8%99%9F%E4%B9%8B1,,,,
社區發展協會,CASSOC_573,合和社區發展協會,二水鄉,彰化縣二水鄉合和村番田二巷17號,api_僅模糊比對,彰化縣埔心鄉東門村014鄰正大路１７號,彰化縣二水鄉合和村番田二巷17號,https://www.google.com/maps/search/?api=1&query=%E5%BD%B0%E5%8C%96%E7%B8%A3%E4%BA%8C%E6%B0%B4%E9%84%89%E5%90%88%E5%92%8C%E6%9D%91%E7%95%AA%E7%94%B0%E4%BA%8C%E5%B7%B717%E8%99%9F,,,,
社區發展協會,CASSOC_574,海豐社區發展協會,二水鄉,彰化縣二水鄉上豐村山腳路113-5號,api_僅模糊比對,苗栗縣通霄鎮南和里009鄰南和１１３之５號,彰化縣二水鄉上豐村山腳路113-5號,https://www.google.com/maps/search/?api=1&query=%E5%BD%B0%E5%8C%96%E7%B8%A3%E4%BA%8C%E6%B0%B4%E9%84%89%E4%B8%8A%E8%B1%90%E6%9D%91%E5%B1%B1%E8%85%B3%E8%B7%AF113-5%E8%99%9F,,,,
社區發展協會,CASSOC_577,光化社區發展協會,二水鄉,彰化縣二水鄉光化村光聖巷37號,api_僅模糊比對,彰化縣二水鄉光化村006鄰光明路３７號,彰化縣二水鄉光化村光聖巷37號,https://www.google.com/maps/search/?api=1&query=%E5%BD%B0%E5%8C%96%E7%B8%A3%E4%BA%8C%E6%B0%B4%E9%84%89%E5%85%89%E5%8C%96%E6%9D%91%E5%85%89%E8%81%96%E5%B7%B737%E8%99%9F,,,,
社區發展協會,CASSOC_580,惠民社區發展協會,二水鄉,彰化縣二水鄉惠民村山腳路48-1號,api_僅模糊比對,彰化縣大村鄉黃厝村008鄰山腳路４８號之１,彰化縣二水鄉惠民村山腳路48-1號,https://www.google.com/maps/search/?api=1&query=%E5%BD%B0%E5%8C%96%E7%B8%A3%E4%BA%8C%E6%B0%B4%E9%84%89%E6%83%A0%E6%B0%91%E6%9D%91%E5%B1%B1%E8%85%B3%E8%B7%AF48-1%E8%99%9F,,,,
社區發展協會,CASSOC_583,源泉社區發展協會,二水鄉,彰化縣二水鄉源泉村月眉巷1-2號,api_僅模糊比對,彰化縣大城鄉豐美村003鄰人和路１之２號,彰化縣二水鄉源泉村月眉巷1-2號,https://www.google.com/maps/search/?api=1&query=%E5%BD%B0%E5%8C%96%E7%B8%A3%E4%BA%8C%E6%B0%B4%E9%84%89%E6%BA%90%E6%B3%89%E6%9D%91%E6%9C%88%E7%9C%89%E5%B7%B71-2%E8%99%9F,,,,
社區發展協會,CASSOC_584,文化社區發展協會,二水鄉,彰化縣二水鄉文化村文化一巷1號,api_僅模糊比對,彰化縣北斗鎮居仁里011鄰光華街１號,彰化縣二水鄉文化村文化一巷1號,https://www.google.com/maps/search/?api=1&query=%E5%BD%B0%E5%8C%96%E7%B8%A3%E4%BA%8C%E6%B0%B4%E9%84%89%E6%96%87%E5%8C%96%E6%9D%91%E6%96%87%E5%8C%96%E4%B8%80%E5%B7%B71%E8%99%9F,,,,
托嬰中心,INFCARE_002,彰化基督教醫療財團法人附設彰化縣私立彰基托嬰中心,彰化市,彰化縣彰化市彰化市大埔路485巷106號1樓,api_無此門牌,,彰化縣彰化市彰化市大埔路485巷106號1樓,https://www.google.com/maps/search/?api=1&query=%E5%BD%B0%E5%8C%96%E7%B8%A3%E5%BD%B0%E5%8C%96%E5%B8%82%E5%BD%B0%E5%8C%96%E5%B8%82%E5%A4%A7%E5%9F%94%E8%B7%AF485%E5%B7%B7106%E8%99%9F1%E6%A8%93,,,,
托嬰中心,INFCARE_051,探索托嬰中心,彰化市,彰化縣彰化市彰化市中正路二段851號,api_無此門牌,,彰化縣彰化市彰化市中正路二段851號,https://www.google.com/maps/search/?api=1&query=%E5%BD%B0%E5%8C%96%E7%B8%A3%E5%BD%B0%E5%8C%96%E5%B8%82%E5%BD%B0%E5%8C%96%E5%B8%82%E4%B8%AD%E6%AD%A3%E8%B7%AF%E4%BA%8C%E6%AE%B5851%E8%99%9F,,,,
托嬰中心,INFCARE_061,英橋托嬰中心,和美鎮,彰化縣和美鎮和美鎮道周路438號2-3樓,api_無此門牌,,彰化縣和美鎮和美鎮道周路438號2-3樓,https://www.google.com/maps/search/?api=1&query=%E5%BD%B0%E5%8C%96%E7%B8%A3%E5%92%8C%E7%BE%8E%E9%8E%AE%E5%92%8C%E7%BE%8E%E9%8E%AE%E9%81%93%E5%91%A8%E8%B7%AF438%E8%99%9F2-3%E6%A8%93,,,,
早療服務單位,EARLY_005,聖智啟智中心,溪州鄉,彰化縣溪州鄉中山路3段512號,api_僅模糊比對,彰化縣彰化市國聖里018鄰中山路三段５１２號,彰化縣溪州鄉中山路3段512號,https://www.google.com/maps/search/?api=1&query=%E5%BD%B0%E5%8C%96%E7%B8%A3%E6%BA%AA%E5%B7%9E%E9%84%89%E4%B8%AD%E5%B1%B1%E8%B7%AF3%E6%AE%B5512%E8%99%9F,,,,
